item_id,display_text,text,assignment_section
RTI_0147,"Item ID: RTI_0147

When u lose money but it’s ok because you’re holding long term",When u lose money but it’s ok because you’re holding long term,shared
RTI_0224,"Item ID: RTI_0224

Very eager to learn. My cousin advised me to hold these stocks for an extended period, emphasizing the importance of long-term investing. I am eager to maximize the potential of my investments and achieve financial growth. I would appreciate any insights or recommendations you may have regarding additional dividend-paying stocks. I would love to have my money make me more money if y’all know I mean. Thank you for your time and consideration. I look forward to hearing your suggestions.","Very eager to learn. My cousin advised me to hold these stocks for an extended period, emphasizing the importance of long-term investing. I am eager to maximize the potential of my investments and achieve financial growth. I would appreciate any insights or recommendations you may have regarding additional dividend-paying stocks. I would love to have my money make me more money if y’all know I mean. Thank you for your time and consideration. I look forward to hearing your suggestions.",shared
RTI_0618,"Item ID: RTI_0618

I’m gonna hodl till it hits -150%",I’m gonna hodl till it hits -150%,shared
RTI_0742,"Item ID: RTI_0742

An Apple a Day Keeps the Doctor Away. More APPL long term goodness. Have another 1400 shares at similar return rate on an IRA account. Put all the money I saved because I got a full ride for my MBA and somehow held for 10+ years.",An Apple a Day Keeps the Doctor Away. More APPL long term goodness. Have another 1400 shares at similar return rate on an IRA account. Put all the money I saved because I got a full ride for my MBA and somehow held for 10+ years.,shared
RTI_0446,"Item ID: RTI_0446

21 year old’s portfolio. Skipped college atm to build YouTube channels. I intent to hold these longterm and DCA, but I might not be able to add as much money (comparatively) later in life. Backtests show great results but if we get something like the dot com bubble and tech gets destroyed I could get a bit f-ed. I wanna beat the market by a little and adding a bit of 2x seems better strat than cherry picking individual companies. Lmk your opinion/advice.","21 year old’s portfolio. Skipped college atm to build YouTube channels. I intent to hold these longterm and DCA, but I might not be able to add as much money (comparatively) later in life. Backtests show great results but if we get something like the dot com bubble and tech gets destroyed I could get a bit f-ed. I wanna beat the market by a little and adding a bit of 2x seems better strat than cherry picking individual companies. Lmk your opinion/advice.",shared
RTI_0023,"Item ID: RTI_0023

CRE crisis. Commercial real estate 1 trillion in maturing loans. 20%+ vaccine rates. Unstable smaller banks. March 11 fed fund cut. What yall think. I’m buying puts on CBRE, they are the largest CRE corp.","CRE crisis. Commercial real estate 1 trillion in maturing loans. 20%+ vaccine rates. Unstable smaller banks. March 11 fed fund cut. What yall think. I’m buying puts on CBRE, they are the largest CRE corp.",shared
RTI_0263,"Item ID: RTI_0263

How am I doing for starting 2 months ago?. I’ve sold some shares of CTM and some of OPTT to recoup what I put in both and took a combined profit of $60 on top of it.",How am I doing for starting 2 months ago?. I’ve sold some shares of CTM and some of OPTT to recoup what I put in both and took a combined profit of $60 on top of it.,shared
RTI_0282,"Item ID: RTI_0282

Thank you papa karp. Sold my palantir, but now I feel empty inside.","Thank you papa karp. Sold my palantir, but now I feel empty inside.",shared
RTI_0340,"Item ID: RTI_0340

Margin and where did my profits go. I was moving to close all margin on robinhood, so I sold an amazon stock at $3,348. I had bought it with margin at 3,194, which leaves me with a profit of $154. I went and turned off margin, when I went to withdraw the $154. My withdrawal cash amount was 0. Where did my $154 go, does it have to settle first? Edit: thanks for the help, I appreciate it!","Margin and where did my profits go. I was moving to close all margin on robinhood, so I sold an amazon stock at $3,348. I had bought it with margin at 3,194, which leaves me with a profit of $154. I went and turned off margin, when I went to withdraw the $154. My withdrawal cash amount was 0. Where did my $154 go, does it have to settle first? Edit: thanks for the help, I appreciate it!",shared
RTI_0722,"Item ID: RTI_0722

Me selling my first share of $GME…",Me selling my first share of $GME…,shared
RTI_0788,"Item ID: RTI_0788

187.5 puts on AAPL. I grew a pair and finally decided to short apple Good or bad play? I bought some contracts yesterday at the top that expire on 5/24. Hoping to just get a 15% return.",187.5 puts on AAPL. I grew a pair and finally decided to short apple Good or bad play? I bought some contracts yesterday at the top that expire on 5/24. Hoping to just get a 15% return.,shared
RTI_0067,"Item ID: RTI_0067

May 23 Options Chain. Just for fun, anybody have a call(s) / or put(s) with May 23rd expiration ? That’s my birthday and I want to buy more options. I have call orders pending on Amazon & Nividia but let me know what you’re in! I’m watching for more plays right now. Doesn’t have to be May 23 lol but I’m mostly going long and buying lotto’s. I’ll post my calls if they get filled 👍🏽","May 23 Options Chain. Just for fun, anybody have a call(s) / or put(s) with May 23rd expiration ? That’s my birthday and I want to buy more options. I have call orders pending on Amazon & Nividia but let me know what you’re in! I’m watching for more plays right now. Doesn’t have to be May 23 lol but I’m mostly going long and buying lotto’s. I’ll post my calls if they get filled 👍🏽",shared
RTI_0335,"Item ID: RTI_0335

ABBV CEO just sold 231,604 shares totaling $22.4 million!. Just saw this news and will be adding to my position tomorrow. Take a look at the chart, all the technicals are pointing to a big drop and the CEO selling his shares should perpetuate the next leg down. I have ABBV put options.","ABBV CEO just sold 231,604 shares totaling $22.4 million!. Just saw this news and will be adding to my position tomorrow. Take a look at the chart, all the technicals are pointing to a big drop and the CEO selling his shares should perpetuate the next leg down. I have ABBV put options.",shared
RTI_0433,"Item ID: RTI_0433

Need help.. I’m 17 years old and currently have 20k I have contributed to my stock account (custodial my dad runs but I contribute 100% of the money.) I want to buy a rental property but was thinking maybe just get a bunch of dividend stocks instead that serve the same purpose of “rent” each month? Looking at msty but know it’s not super long term. What dividend stocks could I buy if any to justify holding stocks instead of real estate. TIA!!!",Need help.. I’m 17 years old and currently have 20k I have contributed to my stock account (custodial my dad runs but I contribute 100% of the money.) I want to buy a rental property but was thinking maybe just get a bunch of dividend stocks instead that serve the same purpose of “rent” each month? Looking at msty but know it’s not super long term. What dividend stocks could I buy if any to justify holding stocks instead of real estate. TIA!!!,shared
RTI_0514,"Item ID: RTI_0514

Quality dividend companies with ex-dividend dates approaching soon.. Here are some I am holding and will be adding to before the upcoming ex-dividend dates here in April: AT&T 4/8, Verizon 4/8, General Mills 4/8, American Tower 4/12, Abbvie 4/14, CVS 4/16, Procter & Gamble 4/18, Clorox 4/20, Realty Income 4/30, Stag Industrial 4/30. Anyone got anymore picks to share that have ex-dates in April? Edit: PG was missing its date.","Quality dividend companies with ex-dividend dates approaching soon.. Here are some I am holding and will be adding to before the upcoming ex-dividend dates here in April: AT&T 4/8, Verizon 4/8, General Mills 4/8, American Tower 4/12, Abbvie 4/14, CVS 4/16, Procter & Gamble 4/18, Clorox 4/20, Realty Income 4/30, Stag Industrial 4/30. Anyone got anymore picks to share that have ex-dates in April? Edit: PG was missing its date.",shared
RTI_0571,"Item ID: RTI_0571

How can you pass up DCA into AAPL?. So, at the 207, how can this ultimately be a bad way to go. Will it really dip well under $200? And if so, then buy more. This will certainly pass, and when it does, how do you justify not buying into this dip? What are some of the other reasons that you would stay away from Apple? They seem to be too smart of a company to not be able to weather this storm. If this is not the time, then when? Thoughts?","How can you pass up DCA into AAPL?. So, at the 207, how can this ultimately be a bad way to go. Will it really dip well under $200? And if so, then buy more. This will certainly pass, and when it does, how do you justify not buying into this dip? What are some of the other reasons that you would stay away from Apple? They seem to be too smart of a company to not be able to weather this storm. If this is not the time, then when? Thoughts?",shared
RTI_0629,"Item ID: RTI_0629

Do you think TRET will ever recover? I've been DCAing this ETF like crazy ever since I bought at the top of it and now it's uncertain weather PROLOGIS , Public Storage Reit, Simon Property, Realty Income, and it's other constituents will ever grow back to where it was. What do you think? 🤔😕","Do you think TRET will ever recover? I've been DCAing this ETF like crazy ever since I bought at the top of it and now it's uncertain weather PROLOGIS , Public Storage Reit, Simon Property, Realty Income, and it's other constituents will ever grow back to where it was. What do you think? 🤔😕",shared
RTI_0697,"Item ID: RTI_0697

Which Healthcare ETF?. Hi, I am looking to invest 10% of my portfolio in Healthcare. Most of my portfolio is in VT. For my healthcare exposure, I have looked at IDNA, HEAL and WHCS. All 3 ETF's are run by iShares. IDNA HEAL WHCS I am deliberately staying away from ARKG as it is actively managed. Also, I need global healthcare exposure so VHT has also been ruled out. Please let me know if you hold any of these (HEAL, WHCS, IDNA) and if you think these are strong healthcare bets.","Which Healthcare ETF?. Hi, I am looking to invest 10% of my portfolio in Healthcare. Most of my portfolio is in VT. For my healthcare exposure, I have looked at IDNA, HEAL and WHCS. All 3 ETF's are run by iShares. IDNA HEAL WHCS I am deliberately staying away from ARKG as it is actively managed. Also, I need global healthcare exposure so VHT has also been ruled out. Please let me know if you hold any of these (HEAL, WHCS, IDNA) and if you think these are strong healthcare bets.",shared
RTI_0726,"Item ID: RTI_0726

I want to buy more $gme, but Charles won’t let me. Anyone else having this problem? I want my dip 🍌","I want to buy more $gme, but Charles won’t let me. Anyone else having this problem? I want my dip 🍌",shared
RTI_0733,"Item ID: RTI_0733

Question about option spreads.. Question about spreads. Amazon was trading down today, and I feel bullish on Amazon, so I entered into a bullish debit spread and also a bullish credit spread. The options I bought are as follows: Buy 2995c / Sell 3000c Sell 2980p / Buy 2975p I did these on RobinHood, and I bought all the options in one trade. Instantly after the trade went through, my account shows a loss of $500, even though the price of Amazon stock hasn’t change at all. Why does RH show this $500 loss? Where did the $500 go? Thanks.","Question about option spreads.. Question about spreads. Amazon was trading down today, and I feel bullish on Amazon, so I entered into a bullish debit spread and also a bullish credit spread. The options I bought are as follows: Buy 2995c / Sell 3000c Sell 2980p / Buy 2975p I did these on RobinHood, and I bought all the options in one trade. Instantly after the trade went through, my account shows a loss of $500, even though the price of Amazon stock hasn’t change at all. Why does RH show this $500 loss? Where did the $500 go? Thanks.",shared
RTI_0791,"Item ID: RTI_0791

Credit Suisse Securities (USA) Retired from All NSCC Services on 4/30, Assumed by UBS... Potentially Related to Recent Run?","Credit Suisse Securities (USA) Retired from All NSCC Services on 4/30, Assumed by UBS... Potentially Related to Recent Run?",shared
RTI_0551,"Item ID: RTI_0551

Playing puts for Disney ER. Bought 20 $107 strike puts for Disney ER next week. My hypothesis is: 1. Their streaming content is still meh and a fraction of Netflix. Most subscribers sub and cancel after finishing the titles they want to see. 2. The LA fires fucked up the real estate market in the LA area since a ton of displaced people need places to stay. There will be less AirBNB inventory and higher prices all around for vacation rentals and hotels due to the fires. This will impact their Disneyland park attendances. Discuss.",Playing puts for Disney ER. Bought 20 $107 strike puts for Disney ER next week. My hypothesis is: 1. Their streaming content is still meh and a fraction of Netflix. Most subscribers sub and cancel after finishing the titles they want to see. 2. The LA fires fucked up the real estate market in the LA area since a ton of displaced people need places to stay. There will be less AirBNB inventory and higher prices all around for vacation rentals and hotels due to the fires. This will impact their Disneyland park attendances. Discuss.,shared
RTI_0795,"Item ID: RTI_0795

CES is tomorrow. Thoughts?. 1968 exhibitors: Keynotes Schedules: Does anyone have some thoughts? It's an extensive list and I honestly don't know what to expect. Some big names I saw are WM, AMD, Accenture, BBY, MSFT and etc.","CES is tomorrow. Thoughts?. 1968 exhibitors: Keynotes Schedules: Does anyone have some thoughts? It's an extensive list and I honestly don't know what to expect. Some big names I saw are WM, AMD, Accenture, BBY, MSFT and etc.",shared
RTI_0699,"Item ID: RTI_0699

At what point should i consider exercising options? Deep ITM gains. First time having such deep ITM options, at what point should i just let it be exercised instead? Only been buying/selling options so far","At what point should i consider exercising options? Deep ITM gains. First time having such deep ITM options, at what point should i just let it be exercised instead? Only been buying/selling options so far",shared
RTI_0532,"Item ID: RTI_0532

Could Apple be planning to partner with NPA to forward its plans for connectivity direct to handset?",Could Apple be planning to partner with NPA to forward its plans for connectivity direct to handset?,shared
RTI_0170,"Item ID: RTI_0170

3M MMM. How low will it go? Are you buying 3M now or waiting for certain price? Will 3M get up to $200 in 2020?",3M MMM. How low will it go? Are you buying 3M now or waiting for certain price? Will 3M get up to $200 in 2020?,shared
RTI_0410,"Item ID: RTI_0410

why prices are different between Apple's annual report and Nasdaq?",why prices are different between Apple's annual report and Nasdaq?,shared
RTI_0676,"Item ID: RTI_0676

I'm in disbelief !!!. I entered the trade on AUDNZD last night around 7pm there I live in Zimbabwe I'm using Goat Funded Traded prop firm I looked at the tradingview and I was like yeah I'm winning but to look at my mt5 damn I was in disbelief. Is it slippage during market closes or something !!!",I'm in disbelief !!!. I entered the trade on AUDNZD last night around 7pm there I live in Zimbabwe I'm using Goat Funded Traded prop firm I looked at the tradingview and I was like yeah I'm winning but to look at my mt5 damn I was in disbelief. Is it slippage during market closes or something !!!,shared
RTI_0717,"Item ID: RTI_0717

Ackman (PSTH) just shot his shot on Airbnb, doesn't look like it worked. Turns out mature unicorns are hard to come by. A headline just crossing: ""Airbnb Is Said to Have Rebuffed Approach From Ackman SPAC""","Ackman (PSTH) just shot his shot on Airbnb, doesn't look like it worked. Turns out mature unicorns are hard to come by. A headline just crossing: ""Airbnb Is Said to Have Rebuffed Approach From Ackman SPAC""",shared
RTI_0228,"Item ID: RTI_0228

ETF?. Is there anywhere for me to see previous holdings of S&P or QQQ??? I’m looking for a weekly closing statement database for the last 5 years! Ex: Appl 2,000,000 shares 5.3%","ETF?. Is there anywhere for me to see previous holdings of S&P or QQQ??? I’m looking for a weekly closing statement database for the last 5 years! Ex: Appl 2,000,000 shares 5.3%",shared
RTI_0127,"Item ID: RTI_0127

Literally all of biotech has returned to its 2000-2005 BATTLEGROUND status. what the fuck guys. they're selling everything. I think the industry is going to consolidate if there is any political confirmation of pricing change. Who buys who? Aside from AMDA & ATEC of course.. I'm thinking Intercept gets bought. Abbvie merges with another big-dick-biotech to become a superpower. Valeant I don't even know any more... WTF. Eli Lilly & Co at 77s?! Are you kiddin me? BLUE whipsaws, BMRN, CELG whipsaw. CRAZY","Literally all of biotech has returned to its 2000-2005 BATTLEGROUND status. what the fuck guys. they're selling everything. I think the industry is going to consolidate if there is any political confirmation of pricing change. Who buys who? Aside from AMDA & ATEC of course.. I'm thinking Intercept gets bought. Abbvie merges with another big-dick-biotech to become a superpower. Valeant I don't even know any more... WTF. Eli Lilly & Co at 77s?! Are you kiddin me? BLUE whipsaws, BMRN, CELG whipsaw. CRAZY",shared
RTI_0444,"Item ID: RTI_0444

Adobe Inc... Buy in the next recession. With strong financial statements and its integral position in technology and creativity Adobe has only innovated itself as well as its intrinsic value and would be worth buying on sale.",Adobe Inc... Buy in the next recession. With strong financial statements and its integral position in technology and creativity Adobe has only innovated itself as well as its intrinsic value and would be worth buying on sale.,shared
RTI_0743,"Item ID: RTI_0743

NAVITAS SEMICONDUCTOR. The collaboration between Navitas Semiconductor and NVIDIA to develop efficient power solutions presents a potentially transformative impact on the company’s revenue narrative. With the emphasis on AI applications and power efficiency, this partnership aligns with the rising demand for advanced technology solutions. The introduction of the 12 kW Power Supply Unit for AI data centers could further boost the company's outlook, enhancing its position in high-demand sectors. Looking at the long-term performance, Navitas Semiconductor's shares have seen a 24.09% return over the past year, reflecting investor optimism despite the company's current profitability challenges.","NAVITAS SEMICONDUCTOR. The collaboration between Navitas Semiconductor and NVIDIA to develop efficient power solutions presents a potentially transformative impact on the company’s revenue narrative. With the emphasis on AI applications and power efficiency, this partnership aligns with the rising demand for advanced technology solutions. The introduction of the 12 kW Power Supply Unit for AI data centers could further boost the company's outlook, enhancing its position in high-demand sectors. Looking at the long-term performance, Navitas Semiconductor's shares have seen a 24.09% return over the past year, reflecting investor optimism despite the company's current profitability challenges.",shared
RTI_0043,"Item ID: RTI_0043

Last minute SPY amazon earning got burnt. Lost almost 16k in less than 10mins fuck going to be worst day at work ever!!",Last minute SPY amazon earning got burnt. Lost almost 16k in less than 10mins fuck going to be worst day at work ever!!,shared
RTI_0461,"Item ID: RTI_0461

How much do we think $AMD will benefit from new iMacs?. And will it be sustained growth?",How much do we think $AMD will benefit from new iMacs?. And will it be sustained growth?,shared
RTI_0481,"Item ID: RTI_0481

Realty Income, have the rate cuts already been priced in?","Realty Income, have the rate cuts already been priced in?",shared
RTI_0579,"Item ID: RTI_0579

Beginer portfolio. I just started investing. I use almost my entire salary. But still small amounts come out, even though I receive the average salary in the country(Ukraine). My salary 386 dollars. I invest 260 dollars. I understand that these are ridiculous numbers for this thread. But I’m 22 and if by 40 I reach 200-300 dollars a month, I’ll be overjoyed. I have plans to raise the positions of apple to 10 and Coca-Cola to 12 by the end of the year. Any ideas on how to improve my portfolio?","Beginer portfolio. I just started investing. I use almost my entire salary. But still small amounts come out, even though I receive the average salary in the country(Ukraine). My salary 386 dollars. I invest 260 dollars. I understand that these are ridiculous numbers for this thread. But I’m 22 and if by 40 I reach 200-300 dollars a month, I’ll be overjoyed. I have plans to raise the positions of apple to 10 and Coca-Cola to 12 by the end of the year. Any ideas on how to improve my portfolio?",shared
RTI_0776,"Item ID: RTI_0776

Apple and Goldman Sachs fined over $89 million for misleading Apple Card customers",Apple and Goldman Sachs fined over $89 million for misleading Apple Card customers,shared
RTI_0329,"Item ID: RTI_0329

where too invest $100k in VTSAX?. I have 100k I want to throw on VTSAX and make monthly contributions of $1500 forever. I also want this money to be readily available without penalty as I'm a real estate investor and deals come out of nowhere. I have a Schwab brokerage account I have about $20k in other single equities invested. What type of account is best for me to start this 100k off in. My goal is to get it to $3mil by 55 YO. Im 32 now. ROTH or regular IRA? Standard brokerage account? Whats the best route?",where too invest $100k in VTSAX?. I have 100k I want to throw on VTSAX and make monthly contributions of $1500 forever. I also want this money to be readily available without penalty as I'm a real estate investor and deals come out of nowhere. I have a Schwab brokerage account I have about $20k in other single equities invested. What type of account is best for me to start this 100k off in. My goal is to get it to $3mil by 55 YO. Im 32 now. ROTH or regular IRA? Standard brokerage account? Whats the best route?,shared
RTI_0593,"Item ID: RTI_0593

Tobacco Companies. Specifically Altria Group, which will be releasing its brand of e-cigarettes in the second half of 2013. E-cigarettes seem to be all over the place now. (And the 5% dividend yield is always sweet.) Thoughts?","Tobacco Companies. Specifically Altria Group, which will be releasing its brand of e-cigarettes in the second half of 2013. E-cigarettes seem to be all over the place now. (And the 5% dividend yield is always sweet.) Thoughts?",shared
RTI_0191,"Item ID: RTI_0191

Grasping at straws …. A sudden upward spike in the Dow this morning (Monday April 07, ‘25). Apparently triggered when ‘someone’ said (wrongly) that there is going to be a “pause” in tariffs. Lasted several minutes - until everyone realized that that ‘someone’ was nowhere to be found.","Grasping at straws …. A sudden upward spike in the Dow this morning (Monday April 07, ‘25). Apparently triggered when ‘someone’ said (wrongly) that there is going to be a “pause” in tariffs. Lasted several minutes - until everyone realized that that ‘someone’ was nowhere to be found.",shared
RTI_0334,"Item ID: RTI_0334

Using Robinhood Gold for dividend stocks?. Im thinking of getting robinhood gold and using the $1000 additional buying power to buy dividend stocks. What is the negative side of this plan? I found several stocks have have good dividends that cover the monthly fee and than some. Example you invest $1000 in APPL. The dividend would pay $800 the cost is $72 Edit APPL is a bad example. What stock would this work for?",Using Robinhood Gold for dividend stocks?. Im thinking of getting robinhood gold and using the $1000 additional buying power to buy dividend stocks. What is the negative side of this plan? I found several stocks have have good dividends that cover the monthly fee and than some. Example you invest $1000 in APPL. The dividend would pay $800 the cost is $72 Edit APPL is a bad example. What stock would this work for?,shared
RTI_0392,"Item ID: RTI_0392

Thoughts on STWD V.S. FSK?. I've been doing some research into Starwood and FS KKR CAPITAL CORP, and am trying to decide which one is better to own between the two. I thought I would come here to get thoughts from others in the group.","Thoughts on STWD V.S. FSK?. I've been doing some research into Starwood and FS KKR CAPITAL CORP, and am trying to decide which one is better to own between the two. I thought I would come here to get thoughts from others in the group.",shared
RTI_0134,"Item ID: RTI_0134

Apple to add AI Search to Safari web browser in response to Google. Apple Inc. is “actively looking at” reshaping the Safari web browser on its devices to focus on AI-powered search engines in light of the potential collapse of its Google deal and broader industry shifts. Eddy Cue, Apple’s senior vice president of services, made the disclosure Wednesday during his testimony in the US Justice Department’s lawsuit against Alphabet Inc. The heart of the dispute is Apple and Google’s estimated $20 billion-a-year deal that makes Google the default offering for queries in Apple’s included browser.","Apple to add AI Search to Safari web browser in response to Google. Apple Inc. is “actively looking at” reshaping the Safari web browser on its devices to focus on AI-powered search engines in light of the potential collapse of its Google deal and broader industry shifts. Eddy Cue, Apple’s senior vice president of services, made the disclosure Wednesday during his testimony in the US Justice Department’s lawsuit against Alphabet Inc. The heart of the dispute is Apple and Google’s estimated $20 billion-a-year deal that makes Google the default offering for queries in Apple’s included browser.",shared
RTI_0477,"Item ID: RTI_0477

Aurora. Can someone that knows what they’re doing explain why Aurora stock is not higher? Amazon has 5% of the company, they are partnered with big names like Uber and Toyota, they just had a big deal with Uber freight through 2030. I know they haven’t turned a profit yet, but they are well funded and making great progress to having autonomous software for vehicles and already have trucks on the road. $2.7 per share seems way low. And their CEO is one of the pioneers for autonomous driving.","Aurora. Can someone that knows what they’re doing explain why Aurora stock is not higher? Amazon has 5% of the company, they are partnered with big names like Uber and Toyota, they just had a big deal with Uber freight through 2030. I know they haven’t turned a profit yet, but they are well funded and making great progress to having autonomous software for vehicles and already have trucks on the road. $2.7 per share seems way low. And their CEO is one of the pioneers for autonomous driving.",shared
RTI_0007,"Item ID: RTI_0007

AbbVie raises dividend by 10%. From seeking alpha news... - AbbVie declares $1.30/share quarterly dividend, 10.2% increase from prior dividend of $1.18. - Forward yield 6.45% - Payable Feb. 16; for shareholders of record Jan. 15; ex-div Jan. 14. Been picking up more AbbVie recently, started my position when it was close to its high and have been averaging down these last couple of weeks. A 10% increase is great, I hope that they are confident they will be able to maintain this and continue to increase given their patent expiry which is coming in the next couple of years.","AbbVie raises dividend by 10%. From seeking alpha news... - AbbVie declares $1.30/share quarterly dividend, 10.2% increase from prior dividend of $1.18. - Forward yield 6.45% - Payable Feb. 16; for shareholders of record Jan. 15; ex-div Jan. 14. Been picking up more AbbVie recently, started my position when it was close to its high and have been averaging down these last couple of weeks. A 10% increase is great, I hope that they are confident they will be able to maintain this and continue to increase given their patent expiry which is coming in the next couple of years.",shared
RTI_0521,"Item ID: RTI_0521

Anyone know what's going on with AMZN ?. I like Amazon, their business model, market placement, etc. I put half my portfolio in there, looking at the ""strong upside numbers"". So far, it's been a dog, even after Bezos learned to play nice with Musk. Anybody got some insight on why they're $193.89 instead of $248 right now?","Anyone know what's going on with AMZN ?. I like Amazon, their business model, market placement, etc. I put half my portfolio in there, looking at the ""strong upside numbers"". So far, it's been a dog, even after Bezos learned to play nice with Musk. Anybody got some insight on why they're $193.89 instead of $248 right now?",shared
RTI_0647,"Item ID: RTI_0647

World Travel and Tourism ETF’s. Hi, Does anybody know of any Travel and Tourism ETF’s? airlines, hotel companies, cruises and travel tech like: airbnb, booking holdings, TripAdvisor and Expedia I’m struggling to find any. There’s a STOXX600 but of course it’s only for Europe and they have too many gambling positions. I’m looking to rebalance and plan my portfolio for next year and I think it could do well next year. Cheers guys!","World Travel and Tourism ETF’s. Hi, Does anybody know of any Travel and Tourism ETF’s? airlines, hotel companies, cruises and travel tech like: airbnb, booking holdings, TripAdvisor and Expedia I’m struggling to find any. There’s a STOXX600 but of course it’s only for Europe and they have too many gambling positions. I’m looking to rebalance and plan my portfolio for next year and I think it could do well next year. Cheers guys!",shared
RTI_0289,"Item ID: RTI_0289

Can someone understand LEAPs better?. Is it better to be ITM, ATM, or OTM? I usually buy 3 years out, when is the best time to sell? I’m usually in $QQQ or $SPY or $APPL or $GOOG What is the best Strat for most money for least risk?","Can someone understand LEAPs better?. Is it better to be ITM, ATM, or OTM? I usually buy 3 years out, when is the best time to sell? I’m usually in $QQQ or $SPY or $APPL or $GOOG What is the best Strat for most money for least risk?",shared
RTI_0163,"Item ID: RTI_0163

brk is 30% of apple stock.. now apple PE is 34 and BRK’s PE is 14.5 What does this mean? Does it mean I am paying 34+14.5 times the earnings for Apple stock?. Or does it mean I am paying 14.5 times apple earnings if I buy BRK? Does this mean, if BRK is earning 100$ from it’s holdings ( respectively their holdings %), I am paying 14.5 times of it? Doesn’t this mean BRK is too cheap to buy? Compared to many large companies considering it’s rock solid steady performance? Quite immature question but just w","brk is 30% of apple stock.. now apple PE is 34 and BRK’s PE is 14.5 What does this mean? Does it mean I am paying 34+14.5 times the earnings for Apple stock?. Or does it mean I am paying 14.5 times apple earnings if I buy BRK? Does this mean, if BRK is earning 100$ from it’s holdings ( respectively their holdings %), I am paying 14.5 times of it? Doesn’t this mean BRK is too cheap to buy? Compared to many large companies considering it’s rock solid steady performance? Quite immature question but just w",shared
RTI_0212,"Item ID: RTI_0212

Convince me why I shouldn’t full port my account to SNOW leaps. Looking at Jan 17/25 150C mainly",Convince me why I shouldn’t full port my account to SNOW leaps. Looking at Jan 17/25 150C mainly,unique
RTI_0622,"Item ID: RTI_0622

JEPQ question. What are the Ndx 6 7 8 9 in these holdings? How do I find more about it?",JEPQ question. What are the Ndx 6 7 8 9 in these holdings? How do I find more about it?,unique
RTI_0024,"Item ID: RTI_0024

This has been a grind.. Even a squirrel finds a nut eventually 🙂‍↕️",This has been a grind.. Even a squirrel finds a nut eventually 🙂‍↕️,unique
RTI_0186,"Item ID: RTI_0186

Should I change my investment mix?. I currently have about $35k in an HYSA @4.1% About 21k in investments, about $7k of which is ETFs, rest are crypto($5k) and individual stocks. Some like META, JPM, APPL etc and some terrible penny stock picks. I think I should restart investing in VTI, but probably wait a couple months for market correction? Also, I have about $282k mortgage (7%) should I instead dump my savings towards my mortgage ? I do have some money set aside in checkings in the meantime Edit - M 27, 7% mortgage rate","Should I change my investment mix?. I currently have about $35k in an HYSA @4.1% About 21k in investments, about $7k of which is ETFs, rest are crypto($5k) and individual stocks. Some like META, JPM, APPL etc and some terrible penny stock picks. I think I should restart investing in VTI, but probably wait a couple months for market correction? Also, I have about $282k mortgage (7%) should I instead dump my savings towards my mortgage ? I do have some money set aside in checkings in the meantime Edit - M 27, 7% mortgage rate",unique
RTI_0029,"Item ID: RTI_0029

Thank you XTIA. It was a good run but unless this company makes a running prototype I see a reverse split or delisting in the future. Idk why I bought it… I liked the stock. Now I like IMUX for a long term potential bag. For all the XTIA holders I wish you the best and have fun!",Thank you XTIA. It was a good run but unless this company makes a running prototype I see a reverse split or delisting in the future. Idk why I bought it… I liked the stock. Now I like IMUX for a long term potential bag. For all the XTIA holders I wish you the best and have fun!,unique
RTI_0318,"Item ID: RTI_0318

Advice on break and retest and trendline support and resistance. I'm a break and retest and sometimes trade trendline support and resistance I short when it hits resistance just like in the image above and the opposite vice versa but this year my strategy isn’t working the market isn’t respecting support or resistance and isn’t giving a retest when breaking out of a trendline at all can anyone explain why The market is just moving randomly and choppy not like it used it to in the image above",Advice on break and retest and trendline support and resistance. I'm a break and retest and sometimes trade trendline support and resistance I short when it hits resistance just like in the image above and the opposite vice versa but this year my strategy isn’t working the market isn’t respecting support or resistance and isn’t giving a retest when breaking out of a trendline at all can anyone explain why The market is just moving randomly and choppy not like it used it to in the image above,unique
RTI_0704,"Item ID: RTI_0704

Trump’s approval rating on the economy drops to lowest of his presidential career, CNBC Survey finds. I found this chilling: Meanwhile, Americans have turned more negative on the stock market than they’ve been in two years. Some 53% say it’s a bad time to invest, with just 38% saying it’s a good time. The numbers represent a sharp turnaround from the stock market optimism that greeted the president’s election. In fact, the December survey represented the sharpest swing toward market optimism in the survey’s 17-year history and the April survey is the sharpest turn towards pessimism.","Trump’s approval rating on the economy drops to lowest of his presidential career, CNBC Survey finds. I found this chilling: Meanwhile, Americans have turned more negative on the stock market than they’ve been in two years. Some 53% say it’s a bad time to invest, with just 38% saying it’s a good time. The numbers represent a sharp turnaround from the stock market optimism that greeted the president’s election. In fact, the December survey represented the sharpest swing toward market optimism in the survey’s 17-year history and the April survey is the sharpest turn towards pessimism.",unique
RTI_0620,"Item ID: RTI_0620

AbbVie jumping as Allergan Deal Closes. Following the latest results, AbbVie's ten analysts are now forecasting revenues of US$39.7b in 2020. This would be a solid 16% improvement in sales compared to the last 12 months. Additionally, with its mega-merger with Allergan finally in the books, AbbVie is officially a colossus with a bustling drug portfolio and a few strategic hurdles in its immediate future.","AbbVie jumping as Allergan Deal Closes. Following the latest results, AbbVie's ten analysts are now forecasting revenues of US$39.7b in 2020. This would be a solid 16% improvement in sales compared to the last 12 months. Additionally, with its mega-merger with Allergan finally in the books, AbbVie is officially a colossus with a bustling drug portfolio and a few strategic hurdles in its immediate future.",unique
RTI_0752,"Item ID: RTI_0752

High Dividend Stocks, Mutual Funds, or ETF's?. Hey everyone I am looking for some high dividend yield investments to put some money into. I already own some shares of Altria(MO) and I am looking for some investments similar to that. I don't mind risk too much but low volatility is preferable, I'm looking for a dividend yield 5%, I would prefer the stock price to be < $50, and I would prefer P/E to be < 30ish I would really appreciate any good feedback I get thanks!","High Dividend Stocks, Mutual Funds, or ETF's?. Hey everyone I am looking for some high dividend yield investments to put some money into. I already own some shares of Altria(MO) and I am looking for some investments similar to that. I don't mind risk too much but low volatility is preferable, I'm looking for a dividend yield 5%, I would prefer the stock price to be < $50, and I would prefer P/E to be < 30ish I would really appreciate any good feedback I get thanks!",unique
RTI_0632,"Item ID: RTI_0632

Green times ahead. The present beware, the future beware; he’s coming, he’s coming, he’s coming.","Green times ahead. The present beware, the future beware; he’s coming, he’s coming, he’s coming.",unique
RTI_0480,"Item ID: RTI_0480

Airbnb Reports $4.6B Loss in 2020 Earnings",Airbnb Reports $4.6B Loss in 2020 Earnings,unique
RTI_0352,"Item ID: RTI_0352

Altria's Investment History: It's Better Than You Think",Altria's Investment History: It's Better Than You Think,unique
RTI_0316,"Item ID: RTI_0316

Ideas and suggestions are well appreciated 😊. I been thinking of selling everything and just invest everything into VOO and SCHD.",Ideas and suggestions are well appreciated 😊. I been thinking of selling everything and just invest everything into VOO and SCHD.,unique
RTI_0746,"Item ID: RTI_0746

GOOGL call options. What do you all think about GOOGL hitting $160 by 5/30? It was at $165 earlier this week and just got beat up with Apple News and it seems overblown. They are still dominant in Search and have over 52% of digital ads market share. Seems like it has resistance at $165 but at least should make its way to $160-$161. Curious on other’s thoughts on this play.",GOOGL call options. What do you all think about GOOGL hitting $160 by 5/30? It was at $165 earlier this week and just got beat up with Apple News and it seems overblown. They are still dominant in Search and have over 52% of digital ads market share. Seems like it has resistance at $165 but at least should make its way to $160-$161. Curious on other’s thoughts on this play.,unique
RTI_0325,"Item ID: RTI_0325

My first few cents of dividends.",My first few cents of dividends.,unique
RTI_0336,"Item ID: RTI_0336

Howard Marks on Strategy, Europe & Real Estate [14min]","Howard Marks on Strategy, Europe & Real Estate [14min]",unique
RTI_0610,"Item ID: RTI_0610

IPOB - Invest in Amazon for Houses alongside Cathie Wood before its too late.",IPOB - Invest in Amazon for Houses alongside Cathie Wood before its too late.,unique
RTI_0136,"Item ID: RTI_0136

“The Lockbit ransomware group announced that it had breached the systems of Federal Reserve of the United States and exfiltrated 33 TB of sensitive data, including ‘Americans’ banking secrets.’” I would guess some of these ‘secrets’ have to do with GME, but that is purely speculative.","“The Lockbit ransomware group announced that it had breached the systems of Federal Reserve of the United States and exfiltrated 33 TB of sensitive data, including ‘Americans’ banking secrets.’” I would guess some of these ‘secrets’ have to do with GME, but that is purely speculative.",unique
RTI_0211,"Item ID: RTI_0211

Any plays on V/MA/AMZN earnings?. Rumor is that Visa, Mastercard and Amazon have had an amazing 4th quarter. Maybe worth buying some debit spreads on earnings? 1/27 Pre-market - MA 1/28 - V 1/28 AH - AMZN","Any plays on V/MA/AMZN earnings?. Rumor is that Visa, Mastercard and Amazon have had an amazing 4th quarter. Maybe worth buying some debit spreads on earnings? 1/27 Pre-market - MA 1/28 - V 1/28 AH - AMZN",unique
RTI_0578,"Item ID: RTI_0578

Someone Bought An Apartment To Rent Out On Airbnb (xpost from /r/Entrepreneur). Blog post: Original post: This seemed very interessting to me and I started calculating how much it would cost in my area and how much I could make. For the last part I used . It calculates the average income of hosts in the same are over the last 90 days (so this includes the summer). Unfortunatly, the income was only 1/3 of the cost. So I would be bleeding money.","Someone Bought An Apartment To Rent Out On Airbnb (xpost from /r/Entrepreneur). Blog post: Original post: This seemed very interessting to me and I started calculating how much it would cost in my area and how much I could make. For the last part I used . It calculates the average income of hosts in the same are over the last 90 days (so this includes the summer). Unfortunatly, the income was only 1/3 of the cost. So I would be bleeding money.",unique
RTI_0598,"Item ID: RTI_0598

Applied Materials or Qualcomm?. I think the semiconductors pull back is overblown and am thinking of buying the dip. Do you prefer $AMAT or $QCOM for a 2-3 year time frame?",Applied Materials or Qualcomm?. I think the semiconductors pull back is overblown and am thinking of buying the dip. Do you prefer $AMAT or $QCOM for a 2-3 year time frame?,unique
RTI_0665,"Item ID: RTI_0665

Altria: Q1 2023 Analysis, ABI stake Math + State of the U.S. Nicotine Market","Altria: Q1 2023 Analysis, ABI stake Math + State of the U.S. Nicotine Market",unique
RTI_0303,"Item ID: RTI_0303

BRO WHAT IS HAPPENING. These dips have me really scared. Just bought the in the NVIDIA dips and praying it shoots up so I can sell",BRO WHAT IS HAPPENING. These dips have me really scared. Just bought the in the NVIDIA dips and praying it shoots up so I can sell,unique
RTI_0304,"Item ID: RTI_0304

iOS update fixed Apple Watch app. Updated to the newest version of RH, and it automatically updated on my AW also. And then, boomshakalaka! I'm trading from my watch! Good vibes!","iOS update fixed Apple Watch app. Updated to the newest version of RH, and it automatically updated on my AW also. And then, boomshakalaka! I'm trading from my watch! Good vibes!",unique
RTI_0068,"Item ID: RTI_0068

Not the most degen shit you’ll see. Went full tilt spy 0dte and lost abt 5k total before I went into googl and clbr calls. Which both dropped abt 3.5k after I bought them. But I held until they paid and they inevitably did thankfully.",Not the most degen shit you’ll see. Went full tilt spy 0dte and lost abt 5k total before I went into googl and clbr calls. Which both dropped abt 3.5k after I bought them. But I held until they paid and they inevitably did thankfully.,unique
RTI_0105,"Item ID: RTI_0105

Don’t worry Jimmy, this rat got off that sinking ship","Don’t worry Jimmy, this rat got off that sinking ship",unique
RTI_0302,"Item ID: RTI_0302

Nvidia’s Margin Forecast Shake-Up: How September 9-10 Set Off Alarms in the Semiconductor Sector Amid Tesla’s China Surge and Apple’s Roller",Nvidia’s Margin Forecast Shake-Up: How September 9-10 Set Off Alarms in the Semiconductor Sector Amid Tesla’s China Surge and Apple’s Roller,unique
RTI_0394,"Item ID: RTI_0394

First day of trading on RobinHood, pick-out a few stocks and this is what the results.","First day of trading on RobinHood, pick-out a few stocks and this is what the results.",unique
RTI_0205,"Item ID: RTI_0205

This is my Roth, starting late. Thoughts? 32M. Getting a pay increase that will allow me to start contributing to my almost forgotten Roth. Largest(Oldest) position is MO @ +14.73% followed by INTC -14.54%. VOO is the smallest position at the moment but most profitable at +19.34% I am really eyeing SCHD, QQQM and thinking about VTI to replace VOO for less large cap exposure. These are not my only Roth holding, just the ones that carry dividends. Thoughts?","This is my Roth, starting late. Thoughts? 32M. Getting a pay increase that will allow me to start contributing to my almost forgotten Roth. Largest(Oldest) position is MO @ +14.73% followed by INTC -14.54%. VOO is the smallest position at the moment but most profitable at +19.34% I am really eyeing SCHD, QQQM and thinking about VTI to replace VOO for less large cap exposure. These are not my only Roth holding, just the ones that carry dividends. Thoughts?",unique
RTI_0468,"Item ID: RTI_0468

25% ( drs by retail )+ 28% ( institutions) + 20% ( insiders) = 73% locked Current short interest: 27.7% That's 100.7% not including brokerage share. Not including any shares in brokerages, or IRAs, with the current short interest they couldn't even close if they tried. There aren't enough shares to buy back even with the shares in Computershare held by us insiders & institutions.","25% ( drs by retail )+ 28% ( institutions) + 20% ( insiders) = 73% locked Current short interest: 27.7% That's 100.7% not including brokerage share. Not including any shares in brokerages, or IRAs, with the current short interest they couldn't even close if they tried. There aren't enough shares to buy back even with the shares in Computershare held by us insiders & institutions.",unique
RTI_0145,"Item ID: RTI_0145

Mixed Recession Signals. Amex reports 39% growth in travel and entertainment expenditure. “Travel and entertainment spending grew 39% YoY” Amex chief executive Stephen Squeri Record level of bookings witnessed on Amex’s Resy restaurant platform! Mixed signals everywhere! Recession",Mixed Recession Signals. Amex reports 39% growth in travel and entertainment expenditure. “Travel and entertainment spending grew 39% YoY” Amex chief executive Stephen Squeri Record level of bookings witnessed on Amex’s Resy restaurant platform! Mixed signals everywhere! Recession,unique
RTI_0456,"Item ID: RTI_0456

Lineup for my son - been putting in since he was born. VNQ has been hit hard since Covid",Lineup for my son - been putting in since he was born. VNQ has been hit hard since Covid,unique
RTI_0108,"Item ID: RTI_0108

Airbnb. Looking for everyone's thoughts on if Airbnb will use a SPAC to come to market?",Airbnb. Looking for everyone's thoughts on if Airbnb will use a SPAC to come to market?,unique
RTI_0626,"Item ID: RTI_0626

Shoutout to ECB - EUR/GBP. Easy £1060 today from ECB",Shoutout to ECB - EUR/GBP. Easy £1060 today from ECB,unique
RTI_0146,"Item ID: RTI_0146

Appples Iron-Man Run. How is apple holding up so well when everything else to going to shit/having high volatility? I may be entirely regarded but I have such strong intuition right now that there's going to be another scare/mass sell off due to it staying to strong, am I completely misled on this? Is there some reason Buffet has been continuously selling off his apple stock and its done nothing but skyrocket? Am I schizo-posting?","Appples Iron-Man Run. How is apple holding up so well when everything else to going to shit/having high volatility? I may be entirely regarded but I have such strong intuition right now that there's going to be another scare/mass sell off due to it staying to strong, am I completely misled on this? Is there some reason Buffet has been continuously selling off his apple stock and its done nothing but skyrocket? Am I schizo-posting?",unique
RTI_0242,"Item ID: RTI_0242

Yikes. I’m regretting not selling even more now",Yikes. I’m regretting not selling even more now,unique
RTI_0416,"Item ID: RTI_0416

Book purely about analysis cases. Hello I always found it useful when author provides some real cases of valuations. Like how Icahn bought Apple because of pile of cash sitting on their balance sheet. I was wondering wheter is there a book, that only contains folder of great company analyses done by some famous investors.","Book purely about analysis cases. Hello I always found it useful when author provides some real cases of valuations. Like how Icahn bought Apple because of pile of cash sitting on their balance sheet. I was wondering wheter is there a book, that only contains folder of great company analyses done by some famous investors.",unique
RTI_0595,"Item ID: RTI_0595

Failing to Deliver the FTDS😂. Love seeing all these days of “-“ for fails to deliver 😂 it’s amazing to see them becoming more and more desperate to hide what is happening here. They removed the CAT system Failing to deliver the fail to deliver data Hit piece after hit piece on MSM Bullish AF on hiding the evidence of just how fukt these shorts are 🔥💥🍻",Failing to Deliver the FTDS😂. Love seeing all these days of “-“ for fails to deliver 😂 it’s amazing to see them becoming more and more desperate to hide what is happening here. They removed the CAT system Failing to deliver the fail to deliver data Hit piece after hit piece on MSM Bullish AF on hiding the evidence of just how fukt these shorts are 🔥💥🍻,unique
RTI_0295,"Item ID: RTI_0295

How do bank stocks perform when interest rates increase?. Stocks like bank of america, citigroup, jp morgan, american express have performed well the past months when a lot of other have seen a healthy sell of during fears of inflation and increased interest rate. My question is if this normal and expected during situations like these and if that makes them a safe investment?","How do bank stocks perform when interest rates increase?. Stocks like bank of america, citigroup, jp morgan, american express have performed well the past months when a lot of other have seen a healthy sell of during fears of inflation and increased interest rate. My question is if this normal and expected during situations like these and if that makes them a safe investment?",unique
RTI_0496,"Item ID: RTI_0496

SP500 has already exceeded most EOY 2024 forecasts. Is it only down from here?",SP500 has already exceeded most EOY 2024 forecasts. Is it only down from here?,unique
RTI_0452,"Item ID: RTI_0452

25M, need help , new into dividends.. 1- My current portfolio, my ETFs are for the long run (minimum 10 years from now), i bought 15 stocks of Nvidia few months ago i sold the inversion and the 1700 are the benefits (it was a good buy). 2- i have think about buying 2 stocks and 2 ETFs highlighted. My strategy is having a portfolio with growth/value oriented investments mixed with safe and long run oriented dividend (3-4 % anual yeild) investments.","25M, need help , new into dividends.. 1- My current portfolio, my ETFs are for the long run (minimum 10 years from now), i bought 15 stocks of Nvidia few months ago i sold the inversion and the 1700 are the benefits (it was a good buy). 2- i have think about buying 2 stocks and 2 ETFs highlighted. My strategy is having a portfolio with growth/value oriented investments mixed with safe and long run oriented dividend (3-4 % anual yeild) investments.",unique
RTI_0235,"Item ID: RTI_0235

Splits End of Monday?????. Apple at 125.50 and Tesla at 443.40 End of day projections? I say apple 200 easy, Tesla 650 EDIT: I got close, but not close enough, pushing these numbers to end of week. 2nd EDIT: WHAT THE FUCK!?!?","Splits End of Monday?????. Apple at 125.50 and Tesla at 443.40 End of day projections? I say apple 200 easy, Tesla 650 EDIT: I got close, but not close enough, pushing these numbers to end of week. 2nd EDIT: WHAT THE FUCK!?!?",unique
RTI_0319,"Item ID: RTI_0319

My first full week of trading….I might got some potential in this…🤣",My first full week of trading….I might got some potential in this…🤣,unique
RTI_0104,"Item ID: RTI_0104

Most Anticipated Earnings Releases for the week beginning October 17th, 2022","Most Anticipated Earnings Releases for the week beginning October 17th, 2022",unique
RTI_0714,"Item ID: RTI_0714

People Are Scared of $O Now, And That Is Why I'm Buying!. Going to use this opportunity to get my DCA to sub $50! The newest deal with Spirit Realty will provide Realty Income with more income and long-term value. Share dilution means very little wheb you're accounting for the growth prospects. The balance sheet still looks great, and it is massively oversold, likely by AI Algo traders. Snap back to Realty. Do you know how many times NVDA, Amazon, and Apple have diluted their shares? I'm buying the dip. Edit: I have bought $579 more.","People Are Scared of $O Now, And That Is Why I'm Buying!. Going to use this opportunity to get my DCA to sub $50! The newest deal with Spirit Realty will provide Realty Income with more income and long-term value. Share dilution means very little wheb you're accounting for the growth prospects. The balance sheet still looks great, and it is massively oversold, likely by AI Algo traders. Snap back to Realty. Do you know how many times NVDA, Amazon, and Apple have diluted their shares? I'm buying the dip. Edit: I have bought $579 more.",unique
RTI_0498,"Item ID: RTI_0498

Can you buy fractional shares with Robinhood?. For example, I have $2500 to invest and I want to evenly buy shares of google, amazon, apple, etc...with google and amazon alone at $1000, I was wondering if I could only buy half a share or something?","Can you buy fractional shares with Robinhood?. For example, I have $2500 to invest and I want to evenly buy shares of google, amazon, apple, etc...with google and amazon alone at $1000, I was wondering if I could only buy half a share or something?",unique
RTI_0554,"Item ID: RTI_0554

DFV stream last Friday had as many viewers as Apple right now. Crazy.",DFV stream last Friday had as many viewers as Apple right now. Crazy.,unique
RTI_0474,"Item ID: RTI_0474

Found ""Investors Stock Fund Inc"" Capital Stock Certificate From 1956. This was issued to my grandparent, who died a long time ago. It was found while clearing out my recently deceased parent's home. There is a certificate number and it references an account number. Googles says ""The ""Investors Stock Fund, Inc."" is a stock fund that was a part of Investors Diversified Services (IDS), which was originally founded in Minneapolis, Minnesota, in 1894 as Investors Syndicate. IDS was later acquired by American Express Company."" Where do I even begin with this?","Found ""Investors Stock Fund Inc"" Capital Stock Certificate From 1956. This was issued to my grandparent, who died a long time ago. It was found while clearing out my recently deceased parent's home. There is a certificate number and it references an account number. Googles says ""The ""Investors Stock Fund, Inc."" is a stock fund that was a part of Investors Diversified Services (IDS), which was originally founded in Minneapolis, Minnesota, in 1894 as Investors Syndicate. IDS was later acquired by American Express Company."" Where do I even begin with this?",unique
RTI_0403,"Item ID: RTI_0403

This company makes drinks that help reduce BAC. Company is called safety shot. It’s a pretty interesting product. I haven’t tried it yet but I did purchase some stocks",This company makes drinks that help reduce BAC. Company is called safety shot. It’s a pretty interesting product. I haven’t tried it yet but I did purchase some stocks,unique
RTI_0092,"Item ID: RTI_0092

How much % of my money should I have invested?. Both my IRA and Taxable account have a combined $10k in VOO & QQQM. My American Express high yield savings account also has 10k at 4.10% yield. Would it be wise to invest more than 50% of my money at 20 years old?",How much % of my money should I have invested?. Both my IRA and Taxable account have a combined $10k in VOO & QQQM. My American Express high yield savings account also has 10k at 4.10% yield. Would it be wise to invest more than 50% of my money at 20 years old?,unique
