annotator,item_id,assignment_section
annotator_1,RTI_0147,shared
annotator_1,RTI_0224,shared
annotator_1,RTI_0618,shared
annotator_1,RTI_0742,shared
annotator_1,RTI_0446,shared
annotator_1,RTI_0023,shared
annotator_1,RTI_0263,shared
annotator_1,RTI_0282,shared
annotator_1,RTI_0340,shared
annotator_1,RTI_0722,shared
annotator_1,RTI_0788,shared
annotator_1,RTI_0067,shared
annotator_1,RTI_0335,shared
annotator_1,RTI_0433,shared
annotator_1,RTI_0514,shared
annotator_1,RTI_0571,shared
annotator_1,RTI_0629,shared
annotator_1,RTI_0697,shared
annotator_1,RTI_0726,shared
annotator_1,RTI_0733,shared
annotator_1,RTI_0791,shared
annotator_1,RTI_0551,shared
annotator_1,RTI_0795,shared
annotator_1,RTI_0699,shared
annotator_1,RTI_0532,shared
annotator_1,RTI_0170,shared
annotator_1,RTI_0410,shared
annotator_1,RTI_0676,shared
annotator_1,RTI_0717,shared
annotator_1,RTI_0228,shared
annotator_1,RTI_0127,shared
annotator_1,RTI_0444,shared
annotator_1,RTI_0743,shared
annotator_1,RTI_0043,shared
annotator_1,RTI_0461,shared
annotator_1,RTI_0481,shared
annotator_1,RTI_0579,shared
annotator_1,RTI_0776,shared
annotator_1,RTI_0329,shared
annotator_1,RTI_0593,shared
annotator_1,RTI_0191,shared
annotator_1,RTI_0334,shared
annotator_1,RTI_0392,shared
annotator_1,RTI_0134,shared
annotator_1,RTI_0477,shared
annotator_1,RTI_0007,shared
annotator_1,RTI_0521,shared
annotator_1,RTI_0647,shared
annotator_1,RTI_0289,shared
annotator_1,RTI_0163,shared
annotator_1,RTI_0212,unique
annotator_1,RTI_0622,unique
annotator_1,RTI_0024,unique
annotator_1,RTI_0186,unique
annotator_1,RTI_0029,unique
annotator_1,RTI_0318,unique
annotator_1,RTI_0704,unique
annotator_1,RTI_0620,unique
annotator_1,RTI_0752,unique
annotator_1,RTI_0632,unique
annotator_1,RTI_0480,unique
annotator_1,RTI_0352,unique
annotator_1,RTI_0316,unique
annotator_1,RTI_0746,unique
annotator_1,RTI_0325,unique
annotator_1,RTI_0336,unique
annotator_1,RTI_0610,unique
annotator_1,RTI_0136,unique
annotator_1,RTI_0211,unique
annotator_1,RTI_0578,unique
annotator_1,RTI_0598,unique
annotator_1,RTI_0665,unique
annotator_1,RTI_0303,unique
annotator_1,RTI_0304,unique
annotator_1,RTI_0068,unique
annotator_1,RTI_0105,unique
annotator_1,RTI_0302,unique
annotator_1,RTI_0394,unique
annotator_1,RTI_0205,unique
annotator_1,RTI_0468,unique
annotator_1,RTI_0145,unique
annotator_1,RTI_0456,unique
annotator_1,RTI_0108,unique
annotator_1,RTI_0626,unique
annotator_1,RTI_0146,unique
annotator_1,RTI_0242,unique
annotator_1,RTI_0416,unique
annotator_1,RTI_0595,unique
annotator_1,RTI_0295,unique
annotator_1,RTI_0496,unique
annotator_1,RTI_0452,unique
annotator_1,RTI_0235,unique
annotator_1,RTI_0319,unique
annotator_1,RTI_0104,unique
annotator_1,RTI_0714,unique
annotator_1,RTI_0498,unique
annotator_1,RTI_0554,unique
annotator_1,RTI_0474,unique
annotator_1,RTI_0403,unique
annotator_1,RTI_0092,unique
annotator_2,RTI_0147,shared
annotator_2,RTI_0224,shared
annotator_2,RTI_0618,shared
annotator_2,RTI_0742,shared
annotator_2,RTI_0446,shared
annotator_2,RTI_0023,shared
annotator_2,RTI_0263,shared
annotator_2,RTI_0282,shared
annotator_2,RTI_0340,shared
annotator_2,RTI_0722,shared
annotator_2,RTI_0788,shared
annotator_2,RTI_0067,shared
annotator_2,RTI_0335,shared
annotator_2,RTI_0433,shared
annotator_2,RTI_0514,shared
annotator_2,RTI_0571,shared
annotator_2,RTI_0629,shared
annotator_2,RTI_0697,shared
annotator_2,RTI_0726,shared
annotator_2,RTI_0733,shared
annotator_2,RTI_0791,shared
annotator_2,RTI_0551,shared
annotator_2,RTI_0795,shared
annotator_2,RTI_0699,shared
annotator_2,RTI_0532,shared
annotator_2,RTI_0170,shared
annotator_2,RTI_0410,shared
annotator_2,RTI_0676,shared
annotator_2,RTI_0717,shared
annotator_2,RTI_0228,shared
annotator_2,RTI_0127,shared
annotator_2,RTI_0444,shared
annotator_2,RTI_0743,shared
annotator_2,RTI_0043,shared
annotator_2,RTI_0461,shared
annotator_2,RTI_0481,shared
annotator_2,RTI_0579,shared
annotator_2,RTI_0776,shared
annotator_2,RTI_0329,shared
annotator_2,RTI_0593,shared
annotator_2,RTI_0191,shared
annotator_2,RTI_0334,shared
annotator_2,RTI_0392,shared
annotator_2,RTI_0134,shared
annotator_2,RTI_0477,shared
annotator_2,RTI_0007,shared
annotator_2,RTI_0521,shared
annotator_2,RTI_0647,shared
annotator_2,RTI_0289,shared
annotator_2,RTI_0163,shared
annotator_2,RTI_0241,unique
annotator_2,RTI_0247,unique
annotator_2,RTI_0576,unique
annotator_2,RTI_0079,unique
annotator_2,RTI_0660,unique
annotator_2,RTI_0728,unique
annotator_2,RTI_0016,unique
annotator_2,RTI_0484,unique
annotator_2,RTI_0243,unique
annotator_2,RTI_0436,unique
annotator_2,RTI_0631,unique
annotator_2,RTI_0165,unique
annotator_2,RTI_0397,unique
annotator_2,RTI_0281,unique
annotator_2,RTI_0408,unique
annotator_2,RTI_0766,unique
annotator_2,RTI_0264,unique
annotator_2,RTI_0542,unique
annotator_2,RTI_0164,unique
annotator_2,RTI_0265,unique
annotator_2,RTI_0524,unique
annotator_2,RTI_0326,unique
annotator_2,RTI_0280,unique
annotator_2,RTI_0561,unique
annotator_2,RTI_0376,unique
annotator_2,RTI_0499,unique
annotator_2,RTI_0219,unique
annotator_2,RTI_0386,unique
annotator_2,RTI_0200,unique
annotator_2,RTI_0672,unique
annotator_2,RTI_0317,unique
annotator_2,RTI_0769,unique
annotator_2,RTI_0497,unique
annotator_2,RTI_0149,unique
annotator_2,RTI_0141,unique
annotator_2,RTI_0102,unique
annotator_2,RTI_0779,unique
annotator_2,RTI_0269,unique
annotator_2,RTI_0447,unique
annotator_2,RTI_0390,unique
annotator_2,RTI_0566,unique
annotator_2,RTI_0431,unique
annotator_2,RTI_0644,unique
annotator_2,RTI_0040,unique
annotator_2,RTI_0171,unique
annotator_2,RTI_0256,unique
annotator_2,RTI_0194,unique
annotator_2,RTI_0638,unique
annotator_2,RTI_0364,unique
annotator_2,RTI_0378,unique
annotator_3,RTI_0147,shared
annotator_3,RTI_0224,shared
annotator_3,RTI_0618,shared
annotator_3,RTI_0742,shared
annotator_3,RTI_0446,shared
annotator_3,RTI_0023,shared
annotator_3,RTI_0263,shared
annotator_3,RTI_0282,shared
annotator_3,RTI_0340,shared
annotator_3,RTI_0722,shared
annotator_3,RTI_0788,shared
annotator_3,RTI_0067,shared
annotator_3,RTI_0335,shared
annotator_3,RTI_0433,shared
annotator_3,RTI_0514,shared
annotator_3,RTI_0571,shared
annotator_3,RTI_0629,shared
annotator_3,RTI_0697,shared
annotator_3,RTI_0726,shared
annotator_3,RTI_0733,shared
annotator_3,RTI_0791,shared
annotator_3,RTI_0551,shared
annotator_3,RTI_0795,shared
annotator_3,RTI_0699,shared
annotator_3,RTI_0532,shared
annotator_3,RTI_0170,shared
annotator_3,RTI_0410,shared
annotator_3,RTI_0676,shared
annotator_3,RTI_0717,shared
annotator_3,RTI_0228,shared
annotator_3,RTI_0127,shared
annotator_3,RTI_0444,shared
annotator_3,RTI_0743,shared
annotator_3,RTI_0043,shared
annotator_3,RTI_0461,shared
annotator_3,RTI_0481,shared
annotator_3,RTI_0579,shared
annotator_3,RTI_0776,shared
annotator_3,RTI_0329,shared
annotator_3,RTI_0593,shared
annotator_3,RTI_0191,shared
annotator_3,RTI_0334,shared
annotator_3,RTI_0392,shared
annotator_3,RTI_0134,shared
annotator_3,RTI_0477,shared
annotator_3,RTI_0007,shared
annotator_3,RTI_0521,shared
annotator_3,RTI_0647,shared
annotator_3,RTI_0289,shared
annotator_3,RTI_0163,shared
annotator_3,RTI_0047,unique
annotator_3,RTI_0123,unique
annotator_3,RTI_0160,unique
annotator_3,RTI_0084,unique
annotator_3,RTI_0119,unique
annotator_3,RTI_0002,unique
annotator_3,RTI_0669,unique
annotator_3,RTI_0290,unique
annotator_3,RTI_0707,unique
annotator_3,RTI_0678,unique
annotator_3,RTI_0603,unique
annotator_3,RTI_0384,unique
annotator_3,RTI_0309,unique
annotator_3,RTI_0583,unique
annotator_3,RTI_0328,unique
annotator_3,RTI_0441,unique
annotator_3,RTI_0643,unique
annotator_3,RTI_0245,unique
annotator_3,RTI_0533,unique
annotator_3,RTI_0075,unique
annotator_3,RTI_0549,unique
annotator_3,RTI_0406,unique
annotator_3,RTI_0434,unique
annotator_3,RTI_0381,unique
annotator_3,RTI_0430,unique
annotator_3,RTI_0110,unique
annotator_3,RTI_0544,unique
annotator_3,RTI_0021,unique
annotator_3,RTI_0573,unique
annotator_3,RTI_0202,unique
annotator_3,RTI_0003,unique
annotator_3,RTI_0167,unique
annotator_3,RTI_0019,unique
annotator_3,RTI_0377,unique
annotator_3,RTI_0677,unique
annotator_3,RTI_0322,unique
annotator_3,RTI_0516,unique
annotator_3,RTI_0268,unique
annotator_3,RTI_0233,unique
annotator_3,RTI_0476,unique
annotator_3,RTI_0208,unique
annotator_3,RTI_0577,unique
annotator_3,RTI_0082,unique
annotator_3,RTI_0667,unique
annotator_3,RTI_0510,unique
annotator_3,RTI_0501,unique
annotator_3,RTI_0396,unique
annotator_3,RTI_0226,unique
annotator_3,RTI_0138,unique
annotator_3,RTI_0207,unique
annotator_4,RTI_0147,shared
annotator_4,RTI_0224,shared
annotator_4,RTI_0618,shared
annotator_4,RTI_0742,shared
annotator_4,RTI_0446,shared
annotator_4,RTI_0023,shared
annotator_4,RTI_0263,shared
annotator_4,RTI_0282,shared
annotator_4,RTI_0340,shared
annotator_4,RTI_0722,shared
annotator_4,RTI_0788,shared
annotator_4,RTI_0067,shared
annotator_4,RTI_0335,shared
annotator_4,RTI_0433,shared
annotator_4,RTI_0514,shared
annotator_4,RTI_0571,shared
annotator_4,RTI_0629,shared
annotator_4,RTI_0697,shared
annotator_4,RTI_0726,shared
annotator_4,RTI_0733,shared
annotator_4,RTI_0791,shared
annotator_4,RTI_0551,shared
annotator_4,RTI_0795,shared
annotator_4,RTI_0699,shared
annotator_4,RTI_0532,shared
annotator_4,RTI_0170,shared
annotator_4,RTI_0410,shared
annotator_4,RTI_0676,shared
annotator_4,RTI_0717,shared
annotator_4,RTI_0228,shared
annotator_4,RTI_0127,shared
annotator_4,RTI_0444,shared
annotator_4,RTI_0743,shared
annotator_4,RTI_0043,shared
annotator_4,RTI_0461,shared
annotator_4,RTI_0481,shared
annotator_4,RTI_0579,shared
annotator_4,RTI_0776,shared
annotator_4,RTI_0329,shared
annotator_4,RTI_0593,shared
annotator_4,RTI_0191,shared
annotator_4,RTI_0334,shared
annotator_4,RTI_0392,shared
annotator_4,RTI_0134,shared
annotator_4,RTI_0477,shared
annotator_4,RTI_0007,shared
annotator_4,RTI_0521,shared
annotator_4,RTI_0647,shared
annotator_4,RTI_0289,shared
annotator_4,RTI_0163,shared
annotator_4,RTI_0320,unique
annotator_4,RTI_0030,unique
annotator_4,RTI_0353,unique
annotator_4,RTI_0294,unique
annotator_4,RTI_0478,unique
annotator_4,RTI_0560,unique
annotator_4,RTI_0541,unique
annotator_4,RTI_0259,unique
annotator_4,RTI_0015,unique
annotator_4,RTI_0574,unique
annotator_4,RTI_0363,unique
annotator_4,RTI_0248,unique
annotator_4,RTI_0495,unique
annotator_4,RTI_0162,unique
annotator_4,RTI_0198,unique
annotator_4,RTI_0705,unique
annotator_4,RTI_0685,unique
annotator_4,RTI_0580,unique
annotator_4,RTI_0531,unique
annotator_4,RTI_0512,unique
annotator_4,RTI_0692,unique
annotator_4,RTI_0591,unique
annotator_4,RTI_0321,unique
annotator_4,RTI_0700,unique
annotator_4,RTI_0592,unique
annotator_4,RTI_0324,unique
annotator_4,RTI_0467,unique
annotator_4,RTI_0196,unique
annotator_4,RTI_0724,unique
annotator_4,RTI_0117,unique
annotator_4,RTI_0723,unique
annotator_4,RTI_0540,unique
annotator_4,RTI_0789,unique
annotator_4,RTI_0042,unique
annotator_4,RTI_0137,unique
annotator_4,RTI_0345,unique
annotator_4,RTI_0272,unique
annotator_4,RTI_0608,unique
annotator_4,RTI_0450,unique
annotator_4,RTI_0718,unique
annotator_4,RTI_0572,unique
annotator_4,RTI_0797,unique
annotator_4,RTI_0229,unique
annotator_4,RTI_0180,unique
annotator_4,RTI_0568,unique
annotator_4,RTI_0355,unique
annotator_4,RTI_0307,unique
annotator_4,RTI_0715,unique
annotator_4,RTI_0056,unique
annotator_4,RTI_0708,unique
annotator_5,RTI_0147,shared
annotator_5,RTI_0224,shared
annotator_5,RTI_0618,shared
annotator_5,RTI_0742,shared
annotator_5,RTI_0446,shared
annotator_5,RTI_0023,shared
annotator_5,RTI_0263,shared
annotator_5,RTI_0282,shared
annotator_5,RTI_0340,shared
annotator_5,RTI_0722,shared
annotator_5,RTI_0788,shared
annotator_5,RTI_0067,shared
annotator_5,RTI_0335,shared
annotator_5,RTI_0433,shared
annotator_5,RTI_0514,shared
annotator_5,RTI_0571,shared
annotator_5,RTI_0629,shared
annotator_5,RTI_0697,shared
annotator_5,RTI_0726,shared
annotator_5,RTI_0733,shared
annotator_5,RTI_0791,shared
annotator_5,RTI_0551,shared
annotator_5,RTI_0795,shared
annotator_5,RTI_0699,shared
annotator_5,RTI_0532,shared
annotator_5,RTI_0170,shared
annotator_5,RTI_0410,shared
annotator_5,RTI_0676,shared
annotator_5,RTI_0717,shared
annotator_5,RTI_0228,shared
annotator_5,RTI_0127,shared
annotator_5,RTI_0444,shared
annotator_5,RTI_0743,shared
annotator_5,RTI_0043,shared
annotator_5,RTI_0461,shared
annotator_5,RTI_0481,shared
annotator_5,RTI_0579,shared
annotator_5,RTI_0776,shared
annotator_5,RTI_0329,shared
annotator_5,RTI_0593,shared
annotator_5,RTI_0191,shared
annotator_5,RTI_0334,shared
annotator_5,RTI_0392,shared
annotator_5,RTI_0134,shared
annotator_5,RTI_0477,shared
annotator_5,RTI_0007,shared
annotator_5,RTI_0521,shared
annotator_5,RTI_0647,shared
annotator_5,RTI_0289,shared
annotator_5,RTI_0163,shared
annotator_5,RTI_0081,unique
annotator_5,RTI_0538,unique
annotator_5,RTI_0623,unique
annotator_5,RTI_0069,unique
annotator_5,RTI_0389,unique
annotator_5,RTI_0230,unique
annotator_5,RTI_0765,unique
annotator_5,RTI_0276,unique
annotator_5,RTI_0755,unique
annotator_5,RTI_0428,unique
annotator_5,RTI_0402,unique
annotator_5,RTI_0260,unique
annotator_5,RTI_0401,unique
annotator_5,RTI_0639,unique
annotator_5,RTI_0239,unique
annotator_5,RTI_0366,unique
annotator_5,RTI_0330,unique
annotator_5,RTI_0096,unique
annotator_5,RTI_0360,unique
annotator_5,RTI_0013,unique
annotator_5,RTI_0706,unique
annotator_5,RTI_0210,unique
annotator_5,RTI_0653,unique
annotator_5,RTI_0581,unique
annotator_5,RTI_0231,unique
annotator_5,RTI_0703,unique
annotator_5,RTI_0686,unique
annotator_5,RTI_0606,unique
annotator_5,RTI_0555,unique
annotator_5,RTI_0116,unique
annotator_5,RTI_0652,unique
annotator_5,RTI_0691,unique
annotator_5,RTI_0492,unique
annotator_5,RTI_0371,unique
annotator_5,RTI_0005,unique
annotator_5,RTI_0609,unique
annotator_5,RTI_0522,unique
annotator_5,RTI_0738,unique
annotator_5,RTI_0453,unique
annotator_5,RTI_0156,unique
annotator_5,RTI_0745,unique
annotator_5,RTI_0798,unique
annotator_5,RTI_0471,unique
annotator_5,RTI_0073,unique
annotator_5,RTI_0161,unique
annotator_5,RTI_0546,unique
annotator_5,RTI_0702,unique
annotator_5,RTI_0351,unique
annotator_5,RTI_0740,unique
annotator_5,RTI_0739,unique
