item_id,text,subreddit,created_datetime,word_count,annotation_group,display_text,label
RTI_0147,When u lose money but it’s ok because you’re holding long term,RobinHood,2017-12-28 23:22:49,12,shared_agreement,"Item ID: RTI_0147

When u lose money but it’s ok because you’re holding long term",
RTI_0224,"Very eager to learn. My cousin advised me to hold these stocks for an extended period, emphasizing the importance of long-term investing. I am eager to maximize the potential of my investments and achieve financial growth. I would appreciate any insights or recommendations you may have regarding additional dividend-paying stocks. I would love to have my money make me more money if y’all know I mean. Thank you for your time and consideration. I look forward to hearing your suggestions.",dividends,2025-02-24 02:41:36,80,shared_agreement,"Item ID: RTI_0224

Very eager to learn. My cousin advised me to hold these stocks for an extended period, emphasizing the importance of long-term investing. I am eager to maximize the potential of my investments and achieve financial growth. I would appreciate any insights or recommendations you may have regarding additional dividend-paying stocks. I would love to have my money make me more money if y’all know I mean. Thank you for your time and consideration. I look forward to hearing your suggestions.",
RTI_0618,I’m gonna hodl till it hits -150%,pennystocks,2025-01-16 20:08:36,7,shared_agreement,"Item ID: RTI_0618

I’m gonna hodl till it hits -150%",
RTI_0742,An Apple a Day Keeps the Doctor Away. More APPL long term goodness. Have another 1400 shares at similar return rate on an IRA account. Put all the money I saved because I got a full ride for my MBA and somehow held for 10+ years.,wallstreetbets,2024-08-30 16:10:07,46,shared_agreement,"Item ID: RTI_0742

An Apple a Day Keeps the Doctor Away. More APPL long term goodness. Have another 1400 shares at similar return rate on an IRA account. Put all the money I saved because I got a full ride for my MBA and somehow held for 10+ years.",
RTI_0446,"21 year old’s portfolio. Skipped college atm to build YouTube channels. I intent to hold these longterm and DCA, but I might not be able to add as much money (comparatively) later in life. Backtests show great results but if we get something like the dot com bubble and tech gets destroyed I could get a bit f-ed. I wanna beat the market by a little and adding a bit of 2x seems better strat than cherry picking individual companies. Lmk your opinion/advice.",ETFs,2024-08-08 23:09:35,83,shared_agreement,"Item ID: RTI_0446

21 year old’s portfolio. Skipped college atm to build YouTube channels. I intent to hold these longterm and DCA, but I might not be able to add as much money (comparatively) later in life. Backtests show great results but if we get something like the dot com bubble and tech gets destroyed I could get a bit f-ed. I wanna beat the market by a little and adding a bit of 2x seems better strat than cherry picking individual companies. Lmk your opinion/advice.",
RTI_0023,"CRE crisis. Commercial real estate 1 trillion in maturing loans. 20%+ vaccine rates. Unstable smaller banks. March 11 fed fund cut. What yall think. I’m buying puts on CBRE, they are the largest CRE corp.",options,2024-02-29 03:43:20,35,shared_agreement,"Item ID: RTI_0023

CRE crisis. Commercial real estate 1 trillion in maturing loans. 20%+ vaccine rates. Unstable smaller banks. March 11 fed fund cut. What yall think. I’m buying puts on CBRE, they are the largest CRE corp.",
RTI_0263,How am I doing for starting 2 months ago?. I’ve sold some shares of CTM and some of OPTT to recoup what I put in both and took a combined profit of $60 on top of it.,pennystocks,2025-01-06 21:49:27,37,shared_agreement,"Item ID: RTI_0263

How am I doing for starting 2 months ago?. I’ve sold some shares of CTM and some of OPTT to recoup what I put in both and took a combined profit of $60 on top of it.",
RTI_0282,"Thank you papa karp. Sold my palantir, but now I feel empty inside.",wallstreetbets,2025-05-22 22:25:28,13,shared_agreement,"Item ID: RTI_0282

Thank you papa karp. Sold my palantir, but now I feel empty inside.",
RTI_0340,"Margin and where did my profits go. I was moving to close all margin on robinhood, so I sold an amazon stock at $3,348. I had bought it with margin at 3,194, which leaves me with a profit of $154. I went and turned off margin, when I went to withdraw the $154. My withdrawal cash amount was 0. Where did my $154 go, does it have to settle first? Edit: thanks for the help, I appreciate it!",RobinHood,2020-10-16 17:41:13,78,shared_agreement,"Item ID: RTI_0340

Margin and where did my profits go. I was moving to close all margin on robinhood, so I sold an amazon stock at $3,348. I had bought it with margin at 3,194, which leaves me with a profit of $154. I went and turned off margin, when I went to withdraw the $154. My withdrawal cash amount was 0. Where did my $154 go, does it have to settle first? Edit: thanks for the help, I appreciate it!",
RTI_0722,Me selling my first share of $GME…,Superstonk,2025-01-27 22:26:57,7,shared_agreement,"Item ID: RTI_0722

Me selling my first share of $GME…",
RTI_0788,187.5 puts on AAPL. I grew a pair and finally decided to short apple Good or bad play? I bought some contracts yesterday at the top that expire on 5/24. Hoping to just get a 15% return.,options,2024-05-16 22:01:47,37,shared_agreement,"Item ID: RTI_0788

187.5 puts on AAPL. I grew a pair and finally decided to short apple Good or bad play? I bought some contracts yesterday at the top that expire on 5/24. Hoping to just get a 15% return.",
RTI_0067,"May 23 Options Chain. Just for fun, anybody have a call(s) / or put(s) with May 23rd expiration ? That’s my birthday and I want to buy more options. I have call orders pending on Amazon & Nividia but let me know what you’re in! I’m watching for more plays right now. Doesn’t have to be May 23 lol but I’m mostly going long and buying lotto’s. I’ll post my calls if they get filled 👍🏽",options,2025-04-10 14:44:52,76,shared_agreement,"Item ID: RTI_0067

May 23 Options Chain. Just for fun, anybody have a call(s) / or put(s) with May 23rd expiration ? That’s my birthday and I want to buy more options. I have call orders pending on Amazon & Nividia but let me know what you’re in! I’m watching for more plays right now. Doesn’t have to be May 23 lol but I’m mostly going long and buying lotto’s. I’ll post my calls if they get filled 👍🏽",
RTI_0335,"ABBV CEO just sold 231,604 shares totaling $22.4 million!. Just saw this news and will be adding to my position tomorrow. Take a look at the chart, all the technicals are pointing to a big drop and the CEO selling his shares should perpetuate the next leg down. I have ABBV put options.",stocks,2020-11-13 00:22:22,53,shared_agreement,"Item ID: RTI_0335

ABBV CEO just sold 231,604 shares totaling $22.4 million!. Just saw this news and will be adding to my position tomorrow. Take a look at the chart, all the technicals are pointing to a big drop and the CEO selling his shares should perpetuate the next leg down. I have ABBV put options.",
RTI_0433,Need help.. I’m 17 years old and currently have 20k I have contributed to my stock account (custodial my dad runs but I contribute 100% of the money.) I want to buy a rental property but was thinking maybe just get a bunch of dividend stocks instead that serve the same purpose of “rent” each month? Looking at msty but know it’s not super long term. What dividend stocks could I buy if any to justify holding stocks instead of real estate. TIA!!!,dividends,2025-06-10 17:33:38,83,shared_agreement,"Item ID: RTI_0433

Need help.. I’m 17 years old and currently have 20k I have contributed to my stock account (custodial my dad runs but I contribute 100% of the money.) I want to buy a rental property but was thinking maybe just get a bunch of dividend stocks instead that serve the same purpose of “rent” each month? Looking at msty but know it’s not super long term. What dividend stocks could I buy if any to justify holding stocks instead of real estate. TIA!!!",
RTI_0514,"Quality dividend companies with ex-dividend dates approaching soon.. Here are some I am holding and will be adding to before the upcoming ex-dividend dates here in April: AT&T 4/8, Verizon 4/8, General Mills 4/8, American Tower 4/12, Abbvie 4/14, CVS 4/16, Procter & Gamble 4/18, Clorox 4/20, Realty Income 4/30, Stag Industrial 4/30. Anyone got anymore picks to share that have ex-dates in April? Edit: PG was missing its date.",dividends,2021-04-05 21:55:37,70,shared_agreement,"Item ID: RTI_0514

Quality dividend companies with ex-dividend dates approaching soon.. Here are some I am holding and will be adding to before the upcoming ex-dividend dates here in April: AT&T 4/8, Verizon 4/8, General Mills 4/8, American Tower 4/12, Abbvie 4/14, CVS 4/16, Procter & Gamble 4/18, Clorox 4/20, Realty Income 4/30, Stag Industrial 4/30. Anyone got anymore picks to share that have ex-dates in April? Edit: PG was missing its date.",
RTI_0571,"How can you pass up DCA into AAPL?. So, at the 207, how can this ultimately be a bad way to go. Will it really dip well under $200? And if so, then buy more. This will certainly pass, and when it does, how do you justify not buying into this dip? What are some of the other reasons that you would stay away from Apple? They seem to be too smart of a company to not be able to weather this storm. If this is not the time, then when? Thoughts?",investing,2025-04-03 13:59:45,92,shared_agreement,"Item ID: RTI_0571

How can you pass up DCA into AAPL?. So, at the 207, how can this ultimately be a bad way to go. Will it really dip well under $200? And if so, then buy more. This will certainly pass, and when it does, how do you justify not buying into this dip? What are some of the other reasons that you would stay away from Apple? They seem to be too smart of a company to not be able to weather this storm. If this is not the time, then when? Thoughts?",
RTI_0629,"Do you think TRET will ever recover? I've been DCAing this ETF like crazy ever since I bought at the top of it and now it's uncertain weather PROLOGIS , Public Storage Reit, Simon Property, Realty Income, and it's other constituents will ever grow back to where it was. What do you think? 🤔😕",StockMarket,2023-10-04 15:53:33,54,shared_agreement,"Item ID: RTI_0629

Do you think TRET will ever recover? I've been DCAing this ETF like crazy ever since I bought at the top of it and now it's uncertain weather PROLOGIS , Public Storage Reit, Simon Property, Realty Income, and it's other constituents will ever grow back to where it was. What do you think? 🤔😕",
RTI_0697,"Which Healthcare ETF?. Hi, I am looking to invest 10% of my portfolio in Healthcare. Most of my portfolio is in VT. For my healthcare exposure, I have looked at IDNA, HEAL and WHCS. All 3 ETF's are run by iShares. IDNA HEAL WHCS I am deliberately staying away from ARKG as it is actively managed. Also, I need global healthcare exposure so VHT has also been ruled out. Please let me know if you hold any of these (HEAL, WHCS, IDNA) and if you think these are strong healthcare bets.",ETFs,2020-08-27 09:34:38,91,shared_agreement,"Item ID: RTI_0697

Which Healthcare ETF?. Hi, I am looking to invest 10% of my portfolio in Healthcare. Most of my portfolio is in VT. For my healthcare exposure, I have looked at IDNA, HEAL and WHCS. All 3 ETF's are run by iShares. IDNA HEAL WHCS I am deliberately staying away from ARKG as it is actively managed. Also, I need global healthcare exposure so VHT has also been ruled out. Please let me know if you hold any of these (HEAL, WHCS, IDNA) and if you think these are strong healthcare bets.",
RTI_0726,"I want to buy more $gme, but Charles won’t let me. Anyone else having this problem? I want my dip 🍌",Superstonk,2024-06-11 14:10:43,21,shared_agreement,"Item ID: RTI_0726

I want to buy more $gme, but Charles won’t let me. Anyone else having this problem? I want my dip 🍌",
RTI_0733,"Question about option spreads.. Question about spreads. Amazon was trading down today, and I feel bullish on Amazon, so I entered into a bullish debit spread and also a bullish credit spread. The options I bought are as follows: Buy 2995c / Sell 3000c Sell 2980p / Buy 2975p I did these on RobinHood, and I bought all the options in one trade. Instantly after the trade went through, my account shows a loss of $500, even though the price of Amazon stock hasn’t change at all. Why does RH show this $500 loss? Where did the $500 go? Thanks.",RobinHood,2020-07-23 18:34:14,100,shared_agreement,"Item ID: RTI_0733

Question about option spreads.. Question about spreads. Amazon was trading down today, and I feel bullish on Amazon, so I entered into a bullish debit spread and also a bullish credit spread. The options I bought are as follows: Buy 2995c / Sell 3000c Sell 2980p / Buy 2975p I did these on RobinHood, and I bought all the options in one trade. Instantly after the trade went through, my account shows a loss of $500, even though the price of Amazon stock hasn’t change at all. Why does RH show this $500 loss? Where did the $500 go? Thanks.",
RTI_0791,"Credit Suisse Securities (USA) Retired from All NSCC Services on 4/30, Assumed by UBS... Potentially Related to Recent Run?",Superstonk,2024-05-04 00:42:27,19,shared_agreement,"Item ID: RTI_0791

Credit Suisse Securities (USA) Retired from All NSCC Services on 4/30, Assumed by UBS... Potentially Related to Recent Run?",
RTI_0551,Playing puts for Disney ER. Bought 20 $107 strike puts for Disney ER next week. My hypothesis is: 1. Their streaming content is still meh and a fraction of Netflix. Most subscribers sub and cancel after finishing the titles they want to see. 2. The LA fires fucked up the real estate market in the LA area since a ton of displaced people need places to stay. There will be less AirBNB inventory and higher prices all around for vacation rentals and hotels due to the fires. This will impact their Disneyland park attendances. Discuss.,wallstreetbets,2025-01-31 17:21:31,95,shared_agreement,"Item ID: RTI_0551

Playing puts for Disney ER. Bought 20 $107 strike puts for Disney ER next week. My hypothesis is: 1. Their streaming content is still meh and a fraction of Netflix. Most subscribers sub and cancel after finishing the titles they want to see. 2. The LA fires fucked up the real estate market in the LA area since a ton of displaced people need places to stay. There will be less AirBNB inventory and higher prices all around for vacation rentals and hotels due to the fires. This will impact their Disneyland park attendances. Discuss.",
RTI_0795,"CES is tomorrow. Thoughts?. 1968 exhibitors: Keynotes Schedules: Does anyone have some thoughts? It's an extensive list and I honestly don't know what to expect. Some big names I saw are WM, AMD, Accenture, BBY, MSFT and etc.",stocks,2021-01-11 01:35:14,38,shared_agreement,"Item ID: RTI_0795

CES is tomorrow. Thoughts?. 1968 exhibitors: Keynotes Schedules: Does anyone have some thoughts? It's an extensive list and I honestly don't know what to expect. Some big names I saw are WM, AMD, Accenture, BBY, MSFT and etc.",
RTI_0699,"At what point should i consider exercising options? Deep ITM gains. First time having such deep ITM options, at what point should i just let it be exercised instead? Only been buying/selling options so far",wallstreetbets,2025-06-11 00:35:58,35,shared_agreement,"Item ID: RTI_0699

At what point should i consider exercising options? Deep ITM gains. First time having such deep ITM options, at what point should i just let it be exercised instead? Only been buying/selling options so far",
RTI_0532,Could Apple be planning to partner with NPA to forward its plans for connectivity direct to handset?,SPACs,2021-01-05 12:14:48,17,shared_agreement,"Item ID: RTI_0532

Could Apple be planning to partner with NPA to forward its plans for connectivity direct to handset?",
RTI_0170,3M MMM. How low will it go? Are you buying 3M now or waiting for certain price? Will 3M get up to $200 in 2020?,stocks,2019-10-03 15:04:10,25,shared_agreement,"Item ID: RTI_0170

3M MMM. How low will it go? Are you buying 3M now or waiting for certain price? Will 3M get up to $200 in 2020?",
RTI_0410,why prices are different between Apple's annual report and Nasdaq?,RobinHood,2022-11-13 02:30:31,10,shared_agreement,"Item ID: RTI_0410

why prices are different between Apple's annual report and Nasdaq?",
RTI_0676,I'm in disbelief !!!. I entered the trade on AUDNZD last night around 7pm there I live in Zimbabwe I'm using Goat Funded Traded prop firm I looked at the tradingview and I was like yeah I'm winning but to look at my mt5 damn I was in disbelief. Is it slippage during market closes or something !!!,Forex,2025-06-12 05:04:58,58,shared_agreement,"Item ID: RTI_0676

I'm in disbelief !!!. I entered the trade on AUDNZD last night around 7pm there I live in Zimbabwe I'm using Goat Funded Traded prop firm I looked at the tradingview and I was like yeah I'm winning but to look at my mt5 damn I was in disbelief. Is it slippage during market closes or something !!!",
RTI_0717,"Ackman (PSTH) just shot his shot on Airbnb, doesn't look like it worked. Turns out mature unicorns are hard to come by. A headline just crossing: ""Airbnb Is Said to Have Rebuffed Approach From Ackman SPAC""",SPACs,2020-09-02 16:10:48,36,shared_agreement,"Item ID: RTI_0717

Ackman (PSTH) just shot his shot on Airbnb, doesn't look like it worked. Turns out mature unicorns are hard to come by. A headline just crossing: ""Airbnb Is Said to Have Rebuffed Approach From Ackman SPAC""",
RTI_0228,"ETF?. Is there anywhere for me to see previous holdings of S&P or QQQ??? I’m looking for a weekly closing statement database for the last 5 years! Ex: Appl 2,000,000 shares 5.3%",algotrading,2021-08-04 21:12:59,32,shared_agreement,"Item ID: RTI_0228

ETF?. Is there anywhere for me to see previous holdings of S&P or QQQ??? I’m looking for a weekly closing statement database for the last 5 years! Ex: Appl 2,000,000 shares 5.3%",
RTI_0127,"Literally all of biotech has returned to its 2000-2005 BATTLEGROUND status. what the fuck guys. they're selling everything. I think the industry is going to consolidate if there is any political confirmation of pricing change. Who buys who? Aside from AMDA & ATEC of course.. I'm thinking Intercept gets bought. Abbvie merges with another big-dick-biotech to become a superpower. Valeant I don't even know any more... WTF. Eli Lilly & Co at 77s?! Are you kiddin me? BLUE whipsaws, BMRN, CELG whipsaw. CRAZY",wallstreetbets,2015-10-22 01:28:26,83,shared_agreement,"Item ID: RTI_0127

Literally all of biotech has returned to its 2000-2005 BATTLEGROUND status. what the fuck guys. they're selling everything. I think the industry is going to consolidate if there is any political confirmation of pricing change. Who buys who? Aside from AMDA & ATEC of course.. I'm thinking Intercept gets bought. Abbvie merges with another big-dick-biotech to become a superpower. Valeant I don't even know any more... WTF. Eli Lilly & Co at 77s?! Are you kiddin me? BLUE whipsaws, BMRN, CELG whipsaw. CRAZY",
RTI_0444,Adobe Inc... Buy in the next recession. With strong financial statements and its integral position in technology and creativity Adobe has only innovated itself as well as its intrinsic value and would be worth buying on sale.,ValueInvesting,2019-03-24 17:03:18,37,shared_agreement,"Item ID: RTI_0444

Adobe Inc... Buy in the next recession. With strong financial statements and its integral position in technology and creativity Adobe has only innovated itself as well as its intrinsic value and would be worth buying on sale.",
RTI_0743,"NAVITAS SEMICONDUCTOR. The collaboration between Navitas Semiconductor and NVIDIA to develop efficient power solutions presents a potentially transformative impact on the company’s revenue narrative. With the emphasis on AI applications and power efficiency, this partnership aligns with the rising demand for advanced technology solutions. The introduction of the 12 kW Power Supply Unit for AI data centers could further boost the company's outlook, enhancing its position in high-demand sectors. Looking at the long-term performance, Navitas Semiconductor's shares have seen a 24.09% return over the past year, reflecting investor optimism despite the company's current profitability challenges.",stocks,2025-06-26 14:30:19,95,shared_agreement,"Item ID: RTI_0743

NAVITAS SEMICONDUCTOR. The collaboration between Navitas Semiconductor and NVIDIA to develop efficient power solutions presents a potentially transformative impact on the company’s revenue narrative. With the emphasis on AI applications and power efficiency, this partnership aligns with the rising demand for advanced technology solutions. The introduction of the 12 kW Power Supply Unit for AI data centers could further boost the company's outlook, enhancing its position in high-demand sectors. Looking at the long-term performance, Navitas Semiconductor's shares have seen a 24.09% return over the past year, reflecting investor optimism despite the company's current profitability challenges.",
RTI_0043,Last minute SPY amazon earning got burnt. Lost almost 16k in less than 10mins fuck going to be worst day at work ever!!,wallstreetbets,2025-02-06 21:53:44,23,shared_agreement,"Item ID: RTI_0043

Last minute SPY amazon earning got burnt. Lost almost 16k in less than 10mins fuck going to be worst day at work ever!!",
RTI_0461,How much do we think $AMD will benefit from new iMacs?. And will it be sustained growth?,RobinHood,2017-06-06 20:11:04,17,shared_agreement,"Item ID: RTI_0461

How much do we think $AMD will benefit from new iMacs?. And will it be sustained growth?",
RTI_0481,"Realty Income, have the rate cuts already been priced in?",dividends,2024-08-26 13:29:13,10,shared_agreement,"Item ID: RTI_0481

Realty Income, have the rate cuts already been priced in?",
RTI_0579,"Beginer portfolio. I just started investing. I use almost my entire salary. But still small amounts come out, even though I receive the average salary in the country(Ukraine). My salary 386 dollars. I invest 260 dollars. I understand that these are ridiculous numbers for this thread. But I’m 22 and if by 40 I reach 200-300 dollars a month, I’ll be overjoyed. I have plans to raise the positions of apple to 10 and Coca-Cola to 12 by the end of the year. Any ideas on how to improve my portfolio?",dividends,2024-03-17 16:55:51,91,shared_agreement,"Item ID: RTI_0579

Beginer portfolio. I just started investing. I use almost my entire salary. But still small amounts come out, even though I receive the average salary in the country(Ukraine). My salary 386 dollars. I invest 260 dollars. I understand that these are ridiculous numbers for this thread. But I’m 22 and if by 40 I reach 200-300 dollars a month, I’ll be overjoyed. I have plans to raise the positions of apple to 10 and Coca-Cola to 12 by the end of the year. Any ideas on how to improve my portfolio?",
RTI_0776,Apple and Goldman Sachs fined over $89 million for misleading Apple Card customers,wallstreetbets,2024-10-24 00:03:47,13,shared_agreement,"Item ID: RTI_0776

Apple and Goldman Sachs fined over $89 million for misleading Apple Card customers",
RTI_0329,where too invest $100k in VTSAX?. I have 100k I want to throw on VTSAX and make monthly contributions of $1500 forever. I also want this money to be readily available without penalty as I'm a real estate investor and deals come out of nowhere. I have a Schwab brokerage account I have about $20k in other single equities invested. What type of account is best for me to start this 100k off in. My goal is to get it to $3mil by 55 YO. Im 32 now. ROTH or regular IRA? Standard brokerage account? Whats the best route?,investing,2024-10-13 16:57:50,99,shared_agreement,"Item ID: RTI_0329

where too invest $100k in VTSAX?. I have 100k I want to throw on VTSAX and make monthly contributions of $1500 forever. I also want this money to be readily available without penalty as I'm a real estate investor and deals come out of nowhere. I have a Schwab brokerage account I have about $20k in other single equities invested. What type of account is best for me to start this 100k off in. My goal is to get it to $3mil by 55 YO. Im 32 now. ROTH or regular IRA? Standard brokerage account? Whats the best route?",
RTI_0593,"Tobacco Companies. Specifically Altria Group, which will be releasing its brand of e-cigarettes in the second half of 2013. E-cigarettes seem to be all over the place now. (And the 5% dividend yield is always sweet.) Thoughts?",investing,2013-05-28 21:13:15,37,shared_agreement,"Item ID: RTI_0593

Tobacco Companies. Specifically Altria Group, which will be releasing its brand of e-cigarettes in the second half of 2013. E-cigarettes seem to be all over the place now. (And the 5% dividend yield is always sweet.) Thoughts?",
RTI_0191,"Grasping at straws …. A sudden upward spike in the Dow this morning (Monday April 07, ‘25). Apparently triggered when ‘someone’ said (wrongly) that there is going to be a “pause” in tariffs. Lasted several minutes - until everyone realized that that ‘someone’ was nowhere to be found.",StockMarket,2025-04-08 05:08:31,48,shared_agreement,"Item ID: RTI_0191

Grasping at straws …. A sudden upward spike in the Dow this morning (Monday April 07, ‘25). Apparently triggered when ‘someone’ said (wrongly) that there is going to be a “pause” in tariffs. Lasted several minutes - until everyone realized that that ‘someone’ was nowhere to be found.",
RTI_0334,Using Robinhood Gold for dividend stocks?. Im thinking of getting robinhood gold and using the $1000 additional buying power to buy dividend stocks. What is the negative side of this plan? I found several stocks have have good dividends that cover the monthly fee and than some. Example you invest $1000 in APPL. The dividend would pay $800 the cost is $72 Edit APPL is a bad example. What stock would this work for?,RobinHood,2018-03-13 22:43:52,74,shared_agreement,"Item ID: RTI_0334

Using Robinhood Gold for dividend stocks?. Im thinking of getting robinhood gold and using the $1000 additional buying power to buy dividend stocks. What is the negative side of this plan? I found several stocks have have good dividends that cover the monthly fee and than some. Example you invest $1000 in APPL. The dividend would pay $800 the cost is $72 Edit APPL is a bad example. What stock would this work for?",
RTI_0392,"Thoughts on STWD V.S. FSK?. I've been doing some research into Starwood and FS KKR CAPITAL CORP, and am trying to decide which one is better to own between the two. I thought I would come here to get thoughts from others in the group.",dividends,2023-11-14 20:02:08,45,shared_agreement,"Item ID: RTI_0392

Thoughts on STWD V.S. FSK?. I've been doing some research into Starwood and FS KKR CAPITAL CORP, and am trying to decide which one is better to own between the two. I thought I would come here to get thoughts from others in the group.",
RTI_0134,"Apple to add AI Search to Safari web browser in response to Google. Apple Inc. is “actively looking at” reshaping the Safari web browser on its devices to focus on AI-powered search engines in light of the potential collapse of its Google deal and broader industry shifts. Eddy Cue, Apple’s senior vice president of services, made the disclosure Wednesday during his testimony in the US Justice Department’s lawsuit against Alphabet Inc. The heart of the dispute is Apple and Google’s estimated $20 billion-a-year deal that makes Google the default offering for queries in Apple’s included browser.",wallstreetbets,2025-05-07 15:49:09,96,shared_agreement,"Item ID: RTI_0134

Apple to add AI Search to Safari web browser in response to Google. Apple Inc. is “actively looking at” reshaping the Safari web browser on its devices to focus on AI-powered search engines in light of the potential collapse of its Google deal and broader industry shifts. Eddy Cue, Apple’s senior vice president of services, made the disclosure Wednesday during his testimony in the US Justice Department’s lawsuit against Alphabet Inc. The heart of the dispute is Apple and Google’s estimated $20 billion-a-year deal that makes Google the default offering for queries in Apple’s included browser.",
RTI_0477,"Aurora. Can someone that knows what they’re doing explain why Aurora stock is not higher? Amazon has 5% of the company, they are partnered with big names like Uber and Toyota, they just had a big deal with Uber freight through 2030. I know they haven’t turned a profit yet, but they are well funded and making great progress to having autonomous software for vehicles and already have trucks on the road. $2.7 per share seems way low. And their CEO is one of the pioneers for autonomous driving.",wallstreetbets,2024-06-28 14:37:35,89,shared_agreement,"Item ID: RTI_0477

Aurora. Can someone that knows what they’re doing explain why Aurora stock is not higher? Amazon has 5% of the company, they are partnered with big names like Uber and Toyota, they just had a big deal with Uber freight through 2030. I know they haven’t turned a profit yet, but they are well funded and making great progress to having autonomous software for vehicles and already have trucks on the road. $2.7 per share seems way low. And their CEO is one of the pioneers for autonomous driving.",
RTI_0007,"AbbVie raises dividend by 10%. From seeking alpha news... - AbbVie declares $1.30/share quarterly dividend, 10.2% increase from prior dividend of $1.18. - Forward yield 6.45% - Payable Feb. 16; for shareholders of record Jan. 15; ex-div Jan. 14. Been picking up more AbbVie recently, started my position when it was close to its high and have been averaging down these last couple of weeks. A 10% increase is great, I hope that they are confident they will be able to maintain this and continue to increase given their patent expiry which is coming in the next couple of years.",dividends,2020-10-30 12:00:50,100,shared_agreement,"Item ID: RTI_0007

AbbVie raises dividend by 10%. From seeking alpha news... - AbbVie declares $1.30/share quarterly dividend, 10.2% increase from prior dividend of $1.18. - Forward yield 6.45% - Payable Feb. 16; for shareholders of record Jan. 15; ex-div Jan. 14. Been picking up more AbbVie recently, started my position when it was close to its high and have been averaging down these last couple of weeks. A 10% increase is great, I hope that they are confident they will be able to maintain this and continue to increase given their patent expiry which is coming in the next couple of years.",
RTI_0521,"Anyone know what's going on with AMZN ?. I like Amazon, their business model, market placement, etc. I put half my portfolio in there, looking at the ""strong upside numbers"". So far, it's been a dog, even after Bezos learned to play nice with Musk. Anybody got some insight on why they're $193.89 instead of $248 right now?",investing,2025-03-20 18:36:12,58,shared_agreement,"Item ID: RTI_0521

Anyone know what's going on with AMZN ?. I like Amazon, their business model, market placement, etc. I put half my portfolio in there, looking at the ""strong upside numbers"". So far, it's been a dog, even after Bezos learned to play nice with Musk. Anybody got some insight on why they're $193.89 instead of $248 right now?",
RTI_0647,"World Travel and Tourism ETF’s. Hi, Does anybody know of any Travel and Tourism ETF’s? airlines, hotel companies, cruises and travel tech like: airbnb, booking holdings, TripAdvisor and Expedia I’m struggling to find any. There’s a STOXX600 but of course it’s only for Europe and they have too many gambling positions. I’m looking to rebalance and plan my portfolio for next year and I think it could do well next year. Cheers guys!",ETFs,2021-11-20 17:54:05,73,shared_agreement,"Item ID: RTI_0647

World Travel and Tourism ETF’s. Hi, Does anybody know of any Travel and Tourism ETF’s? airlines, hotel companies, cruises and travel tech like: airbnb, booking holdings, TripAdvisor and Expedia I’m struggling to find any. There’s a STOXX600 but of course it’s only for Europe and they have too many gambling positions. I’m looking to rebalance and plan my portfolio for next year and I think it could do well next year. Cheers guys!",
RTI_0289,"Can someone understand LEAPs better?. Is it better to be ITM, ATM, or OTM? I usually buy 3 years out, when is the best time to sell? I’m usually in $QQQ or $SPY or $APPL or $GOOG What is the best Strat for most money for least risk?",options,2025-05-11 16:40:30,48,shared_agreement,"Item ID: RTI_0289

Can someone understand LEAPs better?. Is it better to be ITM, ATM, or OTM? I usually buy 3 years out, when is the best time to sell? I’m usually in $QQQ or $SPY or $APPL or $GOOG What is the best Strat for most money for least risk?",
RTI_0163,"brk is 30% of apple stock.. now apple PE is 34 and BRK’s PE is 14.5 What does this mean? Does it mean I am paying 34+14.5 times the earnings for Apple stock?. Or does it mean I am paying 14.5 times apple earnings if I buy BRK? Does this mean, if BRK is earning 100$ from it’s holdings ( respectively their holdings %), I am paying 14.5 times of it? Doesn’t this mean BRK is too cheap to buy? Compared to many large companies considering it’s rock solid steady performance? Quite immature question but just w",investing,2024-08-28 19:24:43,97,shared_agreement,"Item ID: RTI_0163

brk is 30% of apple stock.. now apple PE is 34 and BRK’s PE is 14.5 What does this mean? Does it mean I am paying 34+14.5 times the earnings for Apple stock?. Or does it mean I am paying 14.5 times apple earnings if I buy BRK? Does this mean, if BRK is earning 100$ from it’s holdings ( respectively their holdings %), I am paying 14.5 times of it? Doesn’t this mean BRK is too cheap to buy? Compared to many large companies considering it’s rock solid steady performance? Quite immature question but just w",
